1, Farina, ITA, Alfa Romeo, 30, 1950
2, Fangio, ARG, Alfa Romeo, 27, 1950
3, Fagioli, ITA, Alfa Romeo, 24, 1950
4, Rosier, FRA, Talbot-Lago, 13, 1950
5, Ascari, ITA, Ferrari, 11, 1950
6, Parsons, USA, Kurtis Kraft Offenhauser, 9, 1950
7, Holland, USA, Deidt Offenhauser, 6, 1950
8, Bira, THA, Maserati, 5, 1950
9, Parnell, GBR, Maserati, 4, 1950
9, Chiron, MON, Maserati, 4, 1950
9, Rose, USA, Deidt Offenhauser, 4, 1950
9, Whitehead, GBR, Ferrari, 4, 1950
13, Cabantous, FRA, Talbot-Lago, 3, 1950
13, Sommer, FRA, Talbot-Lago, 3, 1950
13, Green, USA, Kurtis Kraft Offenhauser, 3, 1950
13, Manzon, FRA, Simca-Gordini, 3, 1950
13, Serafini, ITA, null, 3, 1950
13, Etancelin, FRA, null, 3, 1950
19, Bonetto, ITA, Maserati Milano, 2, 1950
20, Bettenhausen, USA, Deidt Offenhauser, 1, 1950
20, Chitwood, USA, Kurtis Kraft Offenhauser, 1, 1950
20, Chaboud, FRA, null, 1, 1950
1, Fangio, ARG, Alfa Romeo, 31, 1951
2, Ascari, ITA, Ferrari, 25, 1951
3, Gonzalez, ARG, Ferrari, 24, 1951
4, Farina, ITA, Alfa Romeo, 19, 1951
5, Villoresi, ITA, Ferrari, 15, 1951
6, Taruffi, ITA, Ferrari, 10, 1951
7, Wallard, USA, Kurtis Kraft Offenhauser, 9, 1951
8, Bonetto, ITA, Alfa Romeo, 7, 1951
9, Nazaruk, USA, Kurtis Kraft Offenhauser, 6, 1951
10, Parnell, GBR, BRM, 5, 1951
11, Fagioli, ITA, Alfa Romeo, 4, 1951
12, Sanesi, ITA, Alfa Romeo, 3, 1951
12, Linden, USA, Sherman Offenhauser, 3, 1951
12, Rosier, FRA, null, 3, 1951
15, de Graffenried, SUI, Alfa Romeo, 2, 1951
15, Ayulo, USA, Kurtis Kraft Offenhauser, 2, 1951
15, Ball, USA, Schroeder Offenhauser, 2, 1951
15, McGrath, USA, Kurtis Kraft Offenhauser, 2, 1951
15, Cabantous, FRA, Talbot-Lago, 2, 1951
1, Ascari, ITA, Ferrari, 36, 1952
2, Farina, ITA, Ferrari, 24, 1952
3, Taruffi, ITA, Ferrari, 22, 1952
4, Fischer, SUI, Ferrari, 10, 1952
4, Hawthorn, GBR, Cooper Bristol, 10, 1952
6, Manzon, FRA, Gordini, 9, 1952
7, Ruttman, USA, Kuzma Offenhauser, 8, 1952
7, Villoresi, ITA, Ferrari, 8, 1952
9, Gonzalez, ARG, Maserati, 6.5, 1952
10, Rathmann, USA, Kurtis Kraft Offenhauser, 6, 1952
10, Behra, FRA, Gordini, 6, 1952
12, Hanks, USA, Kurtis Kraft Offenhauser, 4, 1952
13, Wharton, GBR, null, 3, 1952
13, Carter, USA, Lesovsky Offenhauser, 3, 1952
13, Poore, GBR, Connaught Lea Francis, 3, 1952
16, Brown, GBR, Cooper Bristol, 2, 1952
16, Cross, USA, Kurtis Kraft Offenhauser, 2, 1952
16, Frere, BEL, Simca-Gordini, 2, 1952
16, Trintignant, FRA, Gordini, 2, 1952
16, Thompson, GBR, Connaught Lea Francis, 2, 1952
16, Bonetto, ITA, Maserati, 2, 1952
22, Vukovich, USA, Kurtis Kraft Offenhauser, 1, 1952
1, Ascari, ITA, Ferrari, 34.5, 1953
2, Fangio, ARG, Maserati, 27.5, 1953
3, Farina, ITA, Ferrari, 26, 1953
4, Hawthorn, GBR, Ferrari, 19, 1953
5, Villoresi, ITA, Ferrari, 17, 1953
6, Gonzalez, ARG, Maserati, 13.5, 1953
7, Vukovich, USA, Kurtis Kraft Offenhauser, 9, 1953
8, de Graffenried, SUI, Maserati, 7, 1953
9, Bonetto, ITA, Maserati, 6.5, 1953
10, Cross, USA, Kurtis Kraft Offenhauser, 6, 1953
11, Marimon, ARG, Maserati, 4, 1953
11, Trintignant, FRA, Gordini, 4, 1953
13, Galvez, ARG, Maserati, 2, 1953
13, Hanks, USA, Kurtis Kraft Offenhauser, 2, 1953
13, Carter, USA, Kurtis Kraft Offenhauser, 2, 1953
13, McGrath, USA, Kurtis Kraft Offenhauser, 2, 1953
13, Lang, GER, Maserati, 2, 1953
18, Agabashian, USA, Kurtis Kraft Offenhauser, 1.5, 1953
18, Russo, USA, Kurtis Kraft Offenhauser, 1.5, 1953
1, Fangio, ARG, Mercedes-Benz, 42, 1954
2, Gonzalez, ARG, Ferrari, 25.1, 1954
3, Hawthorn, GBR, Ferrari, 24.6, 1954
4, Trintignant, FRA, Ferrari, 17, 1954
5, Kling, GER, Mercedes-Benz, 12, 1954
6, Vukovich, USA, Kurtis Kraft Offenhauser, 8, 1954
6, Herrmann, GER, Mercedes-Benz, 8, 1954
8, Farina, ITA, Ferrari, 6, 1954
8, Bryan, USA, Kuzma Offenhauser, 6, 1954
8, Musso, ITA, Maserati, 6, 1954
8, Mieres, ARG, Maserati, 6, 1954
12, McGrath, USA, Kurtis Kraft Offenhauser, 5, 1954
13, Moss, GBR, Maserati, 4.1, 1954
13, Marimon, ARG, Maserati, 4.1, 1954
15, Manzon, FRA, Ferrari, 4, 1954
15, Mantovani, ITA, Maserati, 4, 1954
17, Bira, THA, Maserati, 3, 1954
18, Bayol, FRA, Gordini, 2, 1954
18, Nazaruk, USA, Kurtis Kraft Offenhauser, 2, 1954
18, Pilette, BEL, Gordini, 2, 1954
18, Villoresi, ITA, Lancia, 2, 1954
18, Maglioli, ITA, Ferrari, 2, 1954
23, Ruttman, USA, Kurtis Kraft Offenhauser, 1.5, 1954
23, Carter, USA, Kurtis Kraft Offenhauser, 1.5, 1954
25, Ascari, ITA, Lancia, 1.1, 1954
26, Behra, FRA, Gordini, 0.1, 1954
1, Fangio, ARG, Mercedes-Benz, 40, 1955
2, Moss, GBR, Mercedes-Benz, 23, 1955
3, Castellotti, ITA, Ferrari, 12, 1955
4, Trintignant, FRA, Ferrari, 11.3, 1955
5, Farina, ITA, Ferrari, 10.3, 1955
6, Taruffi, ITA, Mercedes-Benz, 9, 1955
7, Sweikert, USA, Kurtis Kraft Offenhauser, 8, 1955
8, Mieres, ARG, Maserati, 7, 1955
9, Musso, ITA, Maserati, 6, 1955
9, Behra, FRA, Maserati, 6, 1955
11, Kling, GER, Mercedes-Benz, 5, 1955
12, Davies, USA, Kurtis Kraft Offenhauser, 4, 1955
13, Russo, USA, Kurtis Kraft Offenhauser, 3, 1955
13, Bettenhausen, USA, Kurtis Kraft Offenhauser, 3, 1955
13, Thomson, USA, Kuzma Offenhauser, 3, 1955
13, Frere, BEL, Ferrari, 3, 1955
17, Gonzalez, ARG, Ferrari, 2, 1955
17, Perdisa, ITA, Maserati, 2, 1955
17, Villoresi, ITA, Lancia, 2, 1955
17, Menditeguy, ARG, Maserati, 2, 1955
21, Maglioli, ITA, Ferrari, 1.3, 1955
22, Herrmann, GER, Mercedes-Benz, 1, 1955
22, Faulkner, USA, Kurtis Kraft Offenhauser, 1, 1955
22, Homeier, USA, Kurtis Kraft Offenhauser, 1, 1955
22, Vukovich, USA, Kurtis Kraft Offenhauser, 1, 1955
1, Fangio, ARG, Ferrari, 30, 1956
2, Moss, GBR, Maserati, 27, 1956
3, Collins, GBR, Ferrari, 25, 1956
4, Behra, FRA, Maserati, 22, 1956
5, Flaherty, USA, Watson Offenhauser, 8, 1956
6, Castellotti, ITA, Ferrari, 7.5, 1956
7, Hanks, USA, Kurtis Kraft Offenhauser, 6, 1956
7, Frere, BEL, Ferrari, 6, 1956
7, Godia, ESP, Maserati, 6, 1956
10, Fairman, GBR, Connaught Alta, 5, 1956
11, Hawthorn, GBR, BRM, 4, 1956
11, Musso, ITA, Ferrari, 4, 1956
11, Freeland, USA, Phillips Offenhauser, 4, 1956
11, Flockhart, GBR, Connaught Alta, 4, 1956
15, Parsons, USA, Kuzma Offenhauser, 3, 1956
15, Schell, USA, Vanwall, 3, 1956
15, de Portago, ESP, Ferrari, 3, 1956
15, Perdisa, ITA, Maserati, 3, 1956
19, Gendebien, BEL, Ferrari, 2, 1956
19, da Silva Ramos, BRA, Gordini, 2, 1956
19, Rathmann, USA, Kurtis Kraft Offenhauser, 2, 1956
19, Villoresi, ITA, Maserati, 2, 1956
19, Gould, GBR, Maserati, 2, 1956
19, Rosier, FRA, Maserati, 2, 1956
25, Gerini, ITA, Maserati, 1.5, 1956
25, Landi, BRA, Maserati, 1.5, 1956
27, Russo, USA, Kurtis Kraft Novi, 1, 1956
1, Fangio, ARG, Maserati, 40, 1957
2, Moss, GBR, Vanwall, 25, 1957
3, Musso, ITA, Ferrari, 16, 1957
4, Hawthorn, GBR, Ferrari, 13, 1957
5, Brooks, GBR, Vanwall, 11, 1957
6, Gregory, USA, Maserati, 10, 1957
6, Schell, USA, Maserati, 10, 1957
8, Hanks, USA, Epperly Offenhauser, 8, 1957
8, Collins, GBR, Ferrari, 8, 1957
10, Rathmann, USA, Epperly Offenhauser, 7, 1957
11, Behra, FRA, Maserati, 6, 1957
12, Lewis-Evans, GBR, Vanwall, 5, 1957
12, Trintignant, FRA, Ferrari, 5, 1957
14, Menditeguy, ARG, Maserati, 4, 1957
14, Bryan, USA, Kuzma Offenhauser, 4, 1957
14, von Trips, GER, Ferrari, 4, 1957
17, Russo, USA, Kurtis Kraft Novi, 3, 1957
18, Linden, USA, Kurtis Kraft Offenhauser, 2, 1957
18, Salvadori, GBR, Cooper Climax, 2, 1957
20, de Portago, ESP, Ferrari, 1, 1957
20, Gonzalez, ARG, Ferrari, 1, 1957
20, Scarlatti, ITA, Maserati, 1, 1957
1, Hawthorn, GBR, Ferrari, 42, 1958
2, Moss, GBR, Vanwall, 41, 1958
3, Brooks, GBR, Vanwall, 24, 1958
4, Salvadori, GBR, Cooper Climax, 15, 1958
5, Collins, GBR, Ferrari, 14, 1958
5, Schell, USA, BRM, 14, 1958
7, Trintignant, FRA, Cooper Climax, 12, 1958
7, Musso, ITA, Ferrari, 12, 1958
9, Lewis-Evans, GBR, Vanwall, 11, 1958
10, Hill, USA, Ferrari, 9, 1958
10, Behra, FRA, BRM, 9, 1958
10, von Trips, GER, Ferrari, 9, 1958
13, Bryan, USA, Epperly Offenhauser, 8, 1958
14, Fangio, ARG, Maserati, 7, 1958
15, Amick, USA, Epperly Offenhauser, 6, 1958
16, Bettenhausen, USA, Epperly Offenhauser, 4, 1958
16, Boyd, USA, Kurtis Kraft Offenhauser, 4, 1958
18, Brabham, AUS, Cooper Climax, 3, 1958
18, Allison, GBR, Lotus Climax, 3, 1958
18, Bonnier, SWE, BRM, 3, 1958
21, Rathmann, USA, Epperly Offenhauser, 2, 1958
1, Brabham, AUS, Cooper Climax, 31, 1959
2, Brooks, GBR, Ferrari, 27, 1959
3, Moss, GBR, Cooper Climax, 25.5, 1959
4, Hill, USA, Ferrari, 20, 1959
5, Trintignant, FRA, Cooper Climax, 19, 1959
6, McLaren, NZL, Cooper Climax, 16.5, 1959
7, Gurney, USA, Ferrari, 13, 1959
8, Bonnier, SWE, BRM, 10, 1959
8, Gregory, USA, Cooper Climax, 10, 1959
10, Ward, USA, Kurtis Kraft Offenhauser, 8, 1959
11, Rathmann, USA, Watson Offenhauser, 6, 1959
12, Thomson, USA, Lesovsky Offenhauser, 5, 1959
12, Ireland, GBR, Lotus Climax, 5, 1959
12, Schell, USA, Cooper Climax, 5, 1959
15, Bettenhausen, USA, Epperly Offenhauser, 3, 1959
15, Gendebien, BEL, Ferrari, 3, 1959
17, Goldsmith, USA, Epperly Offenhauser, 2, 1959
17, Behra, FRA, Ferrari, 2, 1959
17, Allison, GBR, Ferrari, 2, 1959
1, Brabham, AUS, Cooper Climax, 43, 1960
2, McLaren, NZL, Cooper Climax, 34, 1960
3, Moss, GBR, Lotus Climax, 19, 1960
4, Ireland, GBR, Lotus Climax, 18, 1960
5, Hill, USA, Cooper Climax, 16, 1960
6, Gendebien, BEL, Cooper Climax, 10, 1960
6, von Trips, GER, Cooper Maserati, 10, 1960
8, Rathmann, USA, Watson Offenhauser, 8, 1960
8, Ginther, USA, Ferrari, 8, 1960
8, Clark, GBR, Lotus Climax, 8, 1960
11, Brooks, GBR, Cooper Climax, 7, 1960
12, Allison, GBR, Ferrari, 6, 1960
12, Ward, USA, Watson Offenhauser, 6, 1960
12, Surtees, GBR, Lotus Climax, 6, 1960
15, Goldsmith, USA, Epperly Offenhauser, 4, 1960
15, Hill, GBR, BRM, 4, 1960
15, Mairesse, BEL, Ferrari, 4, 1960
15, Bonnier, SWE, BRM, 4, 1960
19, Menditeguy, ARG, Cooper Maserati, 3, 1960
19, Branson, USA, Phillips Offenhauser, 3, 1960
19, Taylor, GBR, Cooper Climax, 3, 1960
19, Cabianca, ITA, Cooper Castellotti, 3, 1960
23, Thomson, USA, Lesovsky Offenhauser, 2, 1960
24, Johnson, USA, Trevis Offenhauser, 1, 1960
24, Bianchi, BEL, Cooper Climax, 1, 1960
24, Flockhart, GBR, Cooper Climax, 1, 1960
24, Herrmann, GER, Porsche, 1, 1960
1, Hill, USA, Ferrari, 34, 1961
2, von Trips, GER, Ferrari, 33, 1961
3, Moss, GBR, Lotus Climax, 21, 1961
3, Gurney, USA, Porsche, 21, 1961
5, Ginther, USA, Ferrari, 16, 1961
6, Ireland, GBR, Lotus Climax, 12, 1961
7, Clark, GBR, Lotus Climax, 11, 1961
7, McLaren, NZL, Cooper Climax, 11, 1961
9, Baghetti, ITA, Ferrari, 9, 1961
10, Brooks, GBR, BRM Climax, 6, 1961
11, Brabham, AUS, Cooper Climax, 4, 1961
11, Surtees, GBR, Cooper Climax, 4, 1961
13, Gendebien, BEL, Lotus Climax, 3, 1961
13, Lewis, GBR, Cooper Climax, 3, 1961
13, Bonnier, SWE, Porsche, 3, 1961
13, Hill, GBR, BRM Climax, 3, 1961
17, Salvadori, GBR, Cooper Climax, 2, 1961
1, Hill, GBR, BRM, 42, 1962
2, Clark, GBR, Lotus Climax, 30, 1962
3, McLaren, NZL, Cooper Climax, 27, 1962
4, Surtees, GBR, Lola Climax, 19, 1962
5, Gurney, USA, Porsche, 15, 1962
6, Hill, USA, Ferrari, 14, 1962
7, Maggs, RSA, Cooper Climax, 13, 1962
8, Ginther, USA, BRM, 10, 1962
9, Brabham, AUS, Brabham Climax, 9, 1962
10, Taylor, GBR, Lotus Climax, 6, 1962
11, Baghetti, ITA, Ferrari, 5, 1962
12, Bandini, ITA, Ferrari, 4, 1962
12, Rodriguez, MEX, Ferrari, 4, 1962
14, Mairesse, BEL, Ferrari, 3, 1962
14, Bonnier, SWE, Porsche, 3, 1962
16, Ireland, GBR, Lotus Climax, 2, 1962
16, de Beaufort, NED, Porsche, 2, 1962
18, Gregory, USA, Lotus BRM, 1, 1962
18, Lederle, RSA, Lotus Climax, 1, 1962
1, Clark, GBR, Lotus Climax, 54, 1963
2, Hill, GBR, BRM, 29, 1963
2, Ginther, USA, BRM, 29, 1963
4, Surtees, GBR, Ferrari, 22, 1963
5, Gurney, USA, Brabham Climax, 19, 1963
6, McLaren, NZL, Cooper Climax, 17, 1963
7, Brabham, AUS, Brabham Climax, 14, 1963
8, Maggs, RSA, Cooper Climax, 9, 1963
9, Ireland, GBR, BRP BRM, 6, 1963
9, Bandini, ITA, Ferrari, 6, 1963
9, Bonnier, SWE, Cooper Climax, 6, 1963
12, Mitter, GER, Porsche, 3, 1963
12, Hall, USA, Lotus BRM, 3, 1963
14, de Beaufort, NED, Porsche, 2, 1963
15, Taylor, GBR, Lotus Climax, 1, 1963
15, Scarfiotti, ITA, Ferrari, 1, 1963
15, Siffert, SUI, Lotus BRM, 1, 1963
18, Mairesse, BEL, Ferrari, 0, 1963
18, Trintignant, FRA, BRM, 0, 1963
18, Settember, USA, Scirocco BRM, 0, 1963
18, Bianchi, BEL, Lola Climax, 0, 1963
18, Hill, USA, ATS, 0, 1963
18, Baghetti, ITA, ATS, 0, 1963
18, Amon, NZL, Lotus BRM, 0, 1963
18, Gregory, USA, null, 0, 1963
18, Anderson, GBR, Lola Climax, 0, 1963
18, Raby, GBR, Gilby BRM, 0, 1963
18, Campbell-Jones, GBR, Lola Climax, 0, 1963
18, Burgess, GBR, Scirocco BRM, 0, 1963
18, Hailwood, GBR, null, 0, 1963
18, de Araujo Cabral, POR, Cooper Climax, 0, 1963
18, Collomb, FRA, Lotus Climax, 0, 1963
18, Spence, GBR, Lotus Climax, 0, 1963
18, Broeker, CAN, Stebro Ford, 0, 1963
18, Ward, USA, Lotus BRM, 0, 1963
18, Rodriguez, MEX, Lotus Climax, 0, 1963
18, Sharp, USA, Lotus BRM, 0, 1963
18, Solana, MEX, BRM, 0, 1963
18, Serrurier, RSA, LDS Alfa Romeo, 0, 1963
18, Blokdyk, RSA, Cooper Maserati, 0, 1963
18, Niemann, RSA, Lotus Ford, 0, 1963
18, Love, RHO, Cooper Climax, 0, 1963
18, Pieterse, RSA, Lotus Climax, 0, 1963
18, de Klerk, RSA, Alfa Romeo, 0, 1963
18, Tingle, RHO, LDS Alfa Romeo, 0, 1963
18, Prophet, GBR, Brabham Ford, 0, 1963
1, Surtees, GBR, Ferrari, 40, 1964
2, Hill, GBR, BRM, 39, 1964
3, Clark, GBR, Lotus Climax, 32, 1964
4, Bandini, ITA, Ferrari, 23, 1964
4, Ginther, USA, BRM, 23, 1964
6, Gurney, USA, Brabham Climax, 19, 1964
7, McLaren, NZL, Cooper Climax, 13, 1964
8, Arundell, GBR, Lotus Climax, 11, 1964
8, Brabham, AUS, Brabham Climax, 11, 1964
10, Siffert, SUI, Brabham BRM, 7, 1964
11, Anderson, GBR, Brabham Climax, 5, 1964
12, Maggs, RSA, BRM, 4, 1964
12, Spence, GBR, Lotus Climax, 4, 1964
12, Ireland, GBR, BRP BRM, 4, 1964
15, Bonnier, SWE, Brabham Climax, 3, 1964
16, Amon, NZL, Lotus BRM, 2, 1964
16, Trintignant, FRA, BRM, 2, 1964
16, Hansgen, USA, Lotus Climax, 2, 1964
19, Hailwood, GBR, Lotus BRM, 1, 1964
19, Hill, USA, Cooper Climax, 1, 1964
19, Taylor, GBR, BRP BRM, 1, 1964
19, Rodriguez, MEX, Ferrari, 1, 1964
1, Clark, GBR, Lotus Climax, 54, 1965
2, Hill, GBR, BRM, 40, 1965
3, Stewart, GBR, BRM, 33, 1965
4, Gurney, USA, Brabham Climax, 25, 1965
5, Surtees, GBR, Ferrari, 17, 1965
6, Bandini, ITA, Ferrari, 13, 1965
7, Ginther, USA, Honda, 11, 1965
8, Spence, GBR, Lotus Climax, 10, 1965
8, McLaren, NZL, Cooper Climax, 10, 1965
10, Brabham, AUS, Brabham Climax, 9, 1965
11, Hulme, NZL, Brabham Climax, 5, 1965
11, Siffert, SUI, Brabham BRM, 5, 1965
13, Rindt, AUT, Cooper Climax, 4, 1965
14, Rodriguez, MEX, Ferrari, 2, 1965
14, Bucknum, USA, Honda, 2, 1965
14, Attwood, GBR, Lotus BRM, 2, 1965
1, Brabham, AUS, Brabham Repco, 42, 1966
2, Surtees, GBR, Cooper Maserati, 28, 1966
3, Rindt, AUT, Cooper Maserati, 22, 1966
4, Hulme, NZL, Brabham Repco, 18, 1966
5, Hill, GBR, BRM, 17, 1966
6, Clark, GBR, Lotus BRM, 16, 1966
7, Stewart, GBR, BRM, 14, 1966
8, Parkes, GBR, Ferrari, 12, 1966
8, Bandini, ITA, Ferrari, 12, 1966
10, Scarfiotti, ITA, Ferrari, 9, 1966
11, Ginther, USA, Honda, 5, 1966
12, Gurney, USA, Eagle Climax, 4, 1966
12, Spence, GBR, Lotus BRM, 4, 1966
14, Bondurant, USA, Eagle Weslake, 3, 1966
14, Siffert, SUI, Cooper Maserati, 3, 1966
14, McLaren, NZL, McLaren Ford, 3, 1966
17, Taylor, GBR, Brabham BRM, 1, 1966
17, Anderson, GBR, Brabham Climax, 1, 1966
17, Arundell, GBR, Lotus BRM, 1, 1966
17, Bonnier, SWE, Cooper Maserati, 1, 1966
1, Hulme, NZL, Brabham Repco, 51, 1967
2, Brabham, AUS, Brabham Repco, 46, 1967
3, Clark, GBR, Lotus Ford, 41, 1967
4, Surtees, GBR, Honda, 20, 1967
4, Amon, NZL, Ferrari, 20, 1967
6, Rodriguez, MEX, Cooper Maserati, 15, 1967
6, Hill, GBR, Lotus Ford, 15, 1967
8, Gurney, USA, Eagle Climax, 13, 1967
9, Stewart, GBR, BRM, 10, 1967
10, Spence, GBR, BRM, 9, 1967
11, Love, RHO, Cooper Climax, 6, 1967
11, Rindt, AUT, Cooper Maserati, 6, 1967
11, Siffert, SUI, Cooper Maserati, 6, 1967
14, McLaren, NZL, McLaren BRM, 3, 1967
14, Bonnier, SWE, Cooper Maserati, 3, 1967
16, Anderson, GBR, Brabham Climax, 2, 1967
16, Parkes, GBR, Ferrari, 2, 1967
16, Irwin, GBR, BRM, 2, 1967
19, Scarfiotti, ITA, Eagle Weslake, 1, 1967
19, Ligier, FRA, Brabham Repco, 1, 1967
19, Ickx, BEL, Cooper Maserati, 1, 1967
1, Hill, GBR, Lotus Ford, 48, 1968
2, Stewart, GBR, Matra Ford, 36, 1968
3, Hulme, NZL, McLaren Ford, 33, 1968
4, Ickx, BEL, Ferrari, 27, 1968
5, McLaren, NZL, McLaren Ford, 22, 1968
6, Rodriguez, MEX, BRM, 18, 1968
7, Siffert, SUI, Lotus Ford, 12, 1968
7, Surtees, GBR, Honda, 12, 1968
9, Beltoise, FRA, Matra, 11, 1968
10, Amon, NZL, Ferrari, 10, 1968
11, Clark, GBR, Lotus Ford, 9, 1968
12, Rindt, AUT, Brabham Repco, 8, 1968
13, Attwood, GBR, BRM, 6, 1968
13, Servoz-Gavin, FRA, Matra Ford, 6, 1968
13, Oliver, GBR, Lotus Ford, 6, 1968
13, Scarfiotti, ITA, Cooper BRM, 6, 1968
17, Bianchi, BEL, Cooper BRM, 5, 1968
17, Elford, GBR, Cooper BRM, 5, 1968
19, Redman, GBR, Cooper BRM, 4, 1968
19, Courage, GBR, BRM, 4, 1968
21, Gurney, USA, McLaren Ford, 3, 1968
21, Bonnier, SWE, Honda, 3, 1968
23, Moser, SUI, Brabham Repco, 2, 1968
23, Brabham, AUS, Brabham Repco, 2, 1968
1, Stewart, GBR, Matra Ford, 63, 1969
2, Ickx, BEL, Brabham Ford, 37, 1969
3, McLaren, NZL, McLaren Ford, 26, 1969
4, Rindt, AUT, Lotus Ford, 22, 1969
5, Beltoise, FRA, Matra Ford, 21, 1969
6, Hulme, NZL, McLaren Ford, 20, 1969
7, Hill, GBR, Lotus Ford, 19, 1969
8, Courage, GBR, Brabham Ford, 16, 1969
9, Siffert, SUI, Lotus Ford, 15, 1969
10, Brabham, AUS, Brabham Ford, 14, 1969
11, Surtees, GBR, BRM, 6, 1969
12, Amon, NZL, Ferrari, 4, 1969
13, Attwood, GBR, null, 3, 1969
13, Elford, GBR, McLaren Ford, 3, 1969
13, Rodriguez, MEX, Ferrari, 3, 1969
16, Servoz-Gavin, FRA, Matra Ford, 1, 1969
16, Moser, SUI, Brabham Ford, 1, 1969
16, Oliver, GBR, BRM, 1, 1969
1, Rindt, AUT, Lotus Ford, 45, 1970
2, Ickx, BEL, Ferrari, 40, 1970
3, Regazzoni, SUI, Ferrari, 33, 1970
4, Hulme, NZL, McLaren Ford, 27, 1970
5, Brabham, AUS, Brabham Ford, 25, 1970
5, Stewart, GBR, Tyrrell Ford, 25, 1970
7, Rodriguez, MEX, BRM, 23, 1970
7, Amon, NZL, March Ford, 23, 1970
9, Beltoise, FRA, Matra, 16, 1970
10, Fittipaldi, BRA, Lotus Ford, 12, 1970
11, Stommelen, GER, Brabham Ford, 10, 1970
12, Pescarolo, FRA, Matra, 8, 1970
13, Hill, GBR, Lotus Ford, 7, 1970
14, McLaren, NZL, McLaren Ford, 6, 1970
15, Andretti, USA, March Ford, 4, 1970
15, Wisell, SWE, Lotus Ford, 4, 1970
17, Giunti, ITA, Ferrari, 3, 1970
17, Surtees, GBR, Surtees Ford, 3, 1970
19, Miles, GBR, Lotus Ford, 2, 1970
19, Servoz-Gavin, FRA, March Ford, 2, 1970
19, Oliver, GBR, BRM, 2, 1970
22, Gurney, USA, McLaren Ford, 1, 1970
22, Cevert, FRA, March Ford, 1, 1970
22, Gethin, GBR, McLaren Ford, 1, 1970
22, Bell, GBR, Surtees Ford, 1, 1970
1, Stewart, GBR, Tyrrell Ford, 62, 1971
2, Peterson, SWE, null, 33, 1971
3, Cevert, FRA, Tyrrell Ford, 26, 1971
4, Ickx, BEL, Ferrari, 19, 1971
4, Siffert, SUI, BRM, 19, 1971
6, Fittipaldi, BRA, Lotus Ford, 16, 1971
7, Regazzoni, SUI, Ferrari, 13, 1971
8, Andretti, USA, Ferrari, 12, 1971
9, Gethin, GBR, BRM, 9, 1971
9, Rodriguez, MEX, BRM, 9, 1971
9, Amon, NZL, Matra, 9, 1971
9, Wisell, SWE, Lotus Ford, 9, 1971
9, Hulme, NZL, McLaren Ford, 9, 1971
14, Schenken, AUS, Brabham Ford, 5, 1971
14, Ganley, NZL, BRM, 5, 1971
16, Donohue, USA, null, 4, 1971
16, Pescarolo, FRA, null, 4, 1971
18, Hailwood, GBR, Surtees Ford, 3, 1971
18, Surtees, GBR, Surtees Ford, 3, 1971
18, Stommelen, GER, Surtees Ford, 3, 1971
21, Hill, GBR, Brabham Ford, 2, 1971
22, Beltoise, FRA, Matra, 1, 1971
1, Fittipaldi, BRA, Lotus Ford, 61, 1972
2, Stewart, GBR, Tyrrell Ford, 45, 1972
3, Hulme, NZL, McLaren Ford, 39, 1972
4, Ickx, BEL, Ferrari, 27, 1972
5, Revson, USA, McLaren Ford, 23, 1972
6, Cevert, FRA, Tyrrell Ford, 15, 1972
6, Regazzoni, SUI, Ferrari, 15, 1972
8, Hailwood, GBR, Surtees Ford, 13, 1972
9, Peterson, SWE, March Ford, 12, 1972
9, Amon, NZL, Matra, 12, 1972
11, Beltoise, FRA, BRM, 9, 1972
12, Andretti, USA, Ferrari, 4, 1972
12, Ganley, NZL, BRM, 4, 1972
12, Redman, GBR, BRM, 4, 1972
12, Hill, GBR, Brabham Ford, 4, 1972
16, de Adamich, ITA, Surtees Ford, 3, 1972
16, Reutemann, ARG, Brabham Ford, 3, 1972
16, Pace, BRA, March Ford, 3, 1972
19, Schenken, AUS, Surtees Ford, 2, 1972
20, Merzario, ITA, Ferrari, 1, 1972
20, Gethin, GBR, BRM, 1, 1972
1, Stewart, GBR, Tyrrell Ford, 71, 1973
2, Fittipaldi, BRA, Lotus Ford, 55, 1973
3, Peterson, SWE, Lotus Ford, 52, 1973
4, Cevert, FRA, Tyrrell Ford, 47, 1973
5, Revson, USA, McLaren Ford, 38, 1973
6, Hulme, NZL, McLaren Ford, 26, 1973
7, Reutemann, ARG, Brabham Ford, 16, 1973
8, Hunt, GBR, March Ford, 14, 1973
9, Ickx, BEL, Iso Marlboro Ford, 12, 1973
10, Beltoise, FRA, BRM, 9, 1973
11, Pace, BRA, Surtees Ford, 7, 1973
12, Merzario, ITA, Ferrari, 6, 1973
13, Follmer, USA, Shadow Ford, 5, 1973
14, Oliver, GBR, Shadow Ford, 4, 1973
15, de Adamich, ITA, Brabham Ford, 3, 1973
15, Fittipaldi, BRA, Brabham Ford, 3, 1973
17, Lauda, AUT, BRM, 2, 1973
17, Regazzoni, SUI, BRM, 2, 1973
19, Amon, NZL, Tyrrell Ford, 1, 1973
19, van Lennep, NED, Iso Marlboro Ford, 1, 1973
19, Ganley, NZL, Iso Marlboro Ford, 1, 1973
1, Fittipaldi, BRA, McLaren Ford, 55, 1974
2, Regazzoni, SUI, Ferrari, 52, 1974
3, Scheckter, RSA, Tyrrell Ford, 45, 1974
4, Lauda, AUT, Ferrari, 38, 1974
5, Peterson, SWE, Lotus Ford, 35, 1974
6, Reutemann, ARG, Brabham Ford, 32, 1974
7, Hulme, NZL, McLaren Ford, 20, 1974
8, Hunt, GBR, Hesketh Ford, 15, 1974
9, Depailler, FRA, Tyrrell Ford, 14, 1974
10, Ickx, BEL, Lotus Ford, 12, 1974
10, Hailwood, GBR, McLaren Ford, 12, 1974
12, Pace, BRA, Brabham Ford, 11, 1974
13, Beltoise, FRA, BRM, 10, 1974
14, Jarier, FRA, Shadow Ford, 6, 1974
14, Watson, GBR, Brabham Ford, 6, 1974
16, Stuck, GER, March Ford, 5, 1974
17, Merzario, ITA, Iso Marlboro Ford, 4, 1974
18, Hill, GBR, Lola Ford, 1, 1974
18, Pryce, GBR, Shadow Ford, 1, 1974
18, Brambilla, ITA, March Ford, 1, 1974
1, Lauda, AUT, Ferrari, 64.5, 1975
2, Fittipaldi, BRA, McLaren Ford, 45, 1975
3, Reutemann, ARG, Brabham Ford, 37, 1975
4, Hunt, GBR, Hesketh Ford, 33, 1975
5, Regazzoni, SUI, Ferrari, 25, 1975
6, Pace, BRA, Brabham Ford, 24, 1975
7, Scheckter, RSA, Tyrrell Ford, 20, 1975
7, Mass, GER, McLaren Ford, 20, 1975
9, Depailler, FRA, Tyrrell Ford, 12, 1975
10, Pryce, GBR, Shadow Ford, 8, 1975
11, Brambilla, ITA, March Ford, 6.5, 1975
12, Laffite, FRA, Frank Williams Racing Cars/Williams, 6, 1975
12, Peterson, SWE, Lotus Ford, 6, 1975
14, Andretti, USA, Parnelli Ford, 5, 1975
15, Donohue, USA, March Ford, 4, 1975
16, Ickx, BEL, Lotus Ford, 3, 1975
17, Jones, AUS, Hill Ford, 2, 1975
18, Jarier, FRA, Shadow Ford, 1.5, 1975
19, Brise, GBR, Hill Ford, 1, 1975
19, van Lennep, NED, Ensign Ford, 1, 1975
21, Lombardi, ITA, Frank Williams Racing Cars/Williams, 0.5, 1975
1, Hunt, GBR, McLaren Ford, 69, 1976
2, Lauda, AUT, Ferrari, 68, 1976
3, Scheckter, RSA, Tyrrell Ford, 49, 1976
4, Depailler, FRA, Tyrrell Ford, 39, 1976
5, Regazzoni, SUI, Ferrari, 31, 1976
6, Andretti, USA, Lotus Ford, 22, 1976
7, Watson, GBR, Penske Ford, 20, 1976
7, Laffite, FRA, Ligier Matra, 20, 1976
9, Mass, GER, McLaren Ford, 19, 1976
10, Nilsson, SWE, Lotus Ford, 11, 1976
11, Peterson, SWE, March Ford, 10, 1976
11, Pryce, GBR, Shadow Ford, 10, 1976
13, Stuck, GER, March Ford, 8, 1976
14, Pace, BRA, Brabham Alfa Romeo, 7, 1976
14, Jones, AUS, Surtees Ford, 7, 1976
16, Reutemann, ARG, Ferrari, 3, 1976
16, Fittipaldi, BRA, Fittipaldi Ford, 3, 1976
18, Amon, NZL, Wolf-Williams, 2, 1976
19, Stommelen, GER, Brabham Alfa Romeo, 1, 1976
19, Brambilla, ITA, March Ford, 1, 1976
1, Lauda, AUT, Ferrari, 72, 1977
2, Scheckter, RSA, Wolf Ford, 55, 1977
3, Andretti, USA, Lotus Ford, 47, 1977
4, Reutemann, ARG, Ferrari, 42, 1977
5, Hunt, GBR, McLaren Ford, 40, 1977
6, Mass, GER, McLaren Ford, 25, 1977
7, Jones, AUS, Shadow Ford, 22, 1977
8, Nilsson, SWE, Lotus Ford, 20, 1977
8, Depailler, FRA, Tyrrell Ford, 20, 1977
10, Laffite, FRA, Ligier Matra, 18, 1977
11, Stuck, GER, Brabham Alfa Romeo, 12, 1977
12, Fittipaldi, BRA, Fittipaldi Ford, 11, 1977
13, Watson, GBR, Brabham Alfa Romeo, 9, 1977
14, Peterson, SWE, Tyrrell Ford, 7, 1977
15, Pace, BRA, Brabham Alfa Romeo, 6, 1977
15, Brambilla, ITA, Surtees Ford, 6, 1977
17, Tambay, FRA, Ensign Ford, 5, 1977
17, Regazzoni, SUI, Ensign Ford, 5, 1977
19, Zorzi, ITA, Shadow Ford, 1, 1977
19, Jarier, FRA, Ligier Matra, 1, 1977
19, Patrese, ITA, Shadow Ford, 1, 1977
1, Andretti, USA, Lotus Ford, 64, 1978
2, Peterson, SWE, Lotus Ford, 51, 1978
3, Reutemann, ARG, Ferrari, 48, 1978
4, Lauda, AUT, Brabham Alfa Romeo, 44, 1978
5, Depailler, FRA, Tyrrell Ford, 34, 1978
6, Watson, GBR, Brabham Alfa Romeo, 25, 1978
7, Scheckter, RSA, Wolf Ford, 24, 1978
8, Laffite, FRA, Ligier Matra, 19, 1978
9, Villeneuve, CAN, Ferrari, 17, 1978
9, Fittipaldi, BRA, Fittipaldi Ford, 17, 1978
11, Jones, AUS, Williams Ford, 11, 1978
11, Patrese, ITA, Arrows Ford, 11, 1978
13, Hunt, GBR, McLaren Ford, 8, 1978
13, Tambay, FRA, McLaren Ford, 8, 1978
15, Pironi, FRA, Tyrrell Ford, 7, 1978
16, Regazzoni, SUI, Shadow Ford, 4, 1978
17, Jabouille, FRA, Renault, 3, 1978
18, Stuck, GER, Shadow Ford, 2, 1978
19, Rebaque, MEX, Lotus Ford, 1, 1978
19, Brambilla, ITA, Surtees Ford, 1, 1978
19, Daly, IRL, Ensign Ford, 1, 1978
1, Scheckter, RSA, Ferrari, 51, 1979
2, Villeneuve, CAN, Ferrari, 47, 1979
3, Jones, AUS, Williams Ford, 40, 1979
4, Laffite, FRA, Ligier Ford, 36, 1979
5, Regazzoni, SUI, Williams Ford, 29, 1979
6, Depailler, FRA, Ligier Ford, 20, 1979
6, Reutemann, ARG, Lotus Ford, 20, 1979
8, Arnoux, FRA, Renault, 17, 1979
9, Watson, GBR, McLaren Ford, 15, 1979
10, Pironi, FRA, Tyrrell Ford, 14, 1979
10, Jarier, FRA, Tyrrell Ford, 14, 1979
10, Andretti, USA, Lotus Ford, 14, 1979
13, Jabouille, FRA, Renault, 9, 1979
14, Lauda, AUT, Brabham Ford, 4, 1979
15, Piquet, BRA, Brabham Ford, 3, 1979
15, de Angelis, ITA, Shadow Ford, 3, 1979
15, Ickx, BEL, Ligier Ford, 3, 1979
15, Mass, GER, Arrows Ford, 3, 1979
19, Patrese, ITA, Arrows Ford, 2, 1979
19, Stuck, GER, ATS Ford, 2, 1979
21, Fittipaldi, BRA, Fittipaldi Ford, 1, 1979
1, Jones, AUS, Williams Ford, 67, 1980
2, Piquet, BRA, Brabham Ford, 54, 1980
3, Reutemann, ARG, Williams Ford, 42, 1980
4, Laffite, FRA, Ligier Ford, 34, 1980
5, Pironi, FRA, Ligier Ford, 32, 1980
6, Arnoux, FRA, Renault, 29, 1980
7, de Angelis, ITA, Lotus Ford, 13, 1980
8, Jabouille, FRA, Renault, 9, 1980
9, Patrese, ITA, Arrows Ford, 7, 1980
10, Rosberg, FIN, Fittipaldi Ford, 6, 1980
10, Daly, IRL, Tyrrell Ford, 6, 1980
10, Watson, GBR, McLaren Ford, 6, 1980
10, Jarier, FRA, Tyrrell Ford, 6, 1980
10, Villeneuve, CAN, Ferrari, 6, 1980
15, Fittipaldi, BRA, Fittipaldi Ford, 5, 1980
15, Prost, FRA, McLaren Ford, 5, 1980
17, Mass, GER, Arrows Ford, 4, 1980
17, Giacomelli, ITA, Alfa Romeo, 4, 1980
19, Scheckter, RSA, Ferrari, 2, 1980
20, Rebaque, MEX, Brabham Ford, 1, 1980
20, Andretti, USA, Lotus Ford, 1, 1980
1, Piquet, BRA, Brabham Ford, 50, 1981
2, Reutemann, ARG, Williams Ford, 49, 1981
3, Jones, AUS, Williams Ford, 46, 1981
4, Laffite, FRA, Ligier Matra, 44, 1981
5, Prost, FRA, Renault, 43, 1981
6, Watson, GBR, McLaren Ford, 27, 1981
7, Villeneuve, CAN, Ferrari, 25, 1981
8, de Angelis, ITA, Lotus Ford, 14, 1981
9, Arnoux, FRA, Renault, 11, 1981
9, Rebaque, MEX, Brabham Ford, 11, 1981
11, Patrese, ITA, Arrows Ford, 10, 1981
11, Cheever, USA, Tyrrell Ford, 10, 1981
13, Pironi, FRA, Ferrari, 9, 1981
14, Mansell, GBR, Lotus Ford, 8, 1981
15, Giacomelli, ITA, Alfa Romeo, 7, 1981
16, Surer, SUI, Theodore Ford, 4, 1981
17, Andretti, USA, Alfa Romeo, 3, 1981
18, Tambay, FRA, Ligier Matra, 1, 1981
18, de Cesaris, ITA, McLaren Ford, 1, 1981
18, Borgudd, SWE, ATS Ford, 1, 1981
18, Salazar, CHI, Ensign Ford, 1, 1981
1, Rosberg, FIN, Williams Ford, 44, 1982
2, Pironi, FRA, Ferrari, 39, 1982
2, Watson, GBR, McLaren Ford, 39, 1982
4, Prost, FRA, Renault, 34, 1982
5, Lauda, AUT, McLaren Ford, 30, 1982
6, Arnoux, FRA, Renault, 28, 1982
7, Tambay, FRA, Ferrari, 25, 1982
7, Alboreto, ITA, Tyrrell Ford, 25, 1982
9, de Angelis, ITA, Lotus Ford, 23, 1982
10, Patrese, ITA, Brabham BMW, 21, 1982
11, Piquet, BRA, Brabham BMW, 20, 1982
12, Cheever, USA, Ligier Matra, 15, 1982
13, Daly, IRL, Williams Ford, 8, 1982
14, Mansell, GBR, Lotus Ford, 7, 1982
15, Reutemann, ARG, Williams Ford, 6, 1982
15, Villeneuve, CAN, Ferrari, 6, 1982
17, de Cesaris, ITA, Alfa Romeo, 5, 1982
17, Laffite, FRA, Ligier Matra, 5, 1982
19, Andretti, USA, Ferrari, 4, 1982
20, Jarier, FRA, Osella Ford, 3, 1982
20, Surer, SUI, Arrows Ford, 3, 1982
22, Winkelhock, GER, ATS Ford, 2, 1982
22, Salazar, CHI, ATS Ford, 2, 1982
22, Giacomelli, ITA, Alfa Romeo, 2, 1982
22, Baldi, ITA, Arrows Ford, 2, 1982
26, Serra, BRA, Fittipaldi Ford, 1, 1982
1, Piquet, BRA, Brabham BMW, 59, 1983
2, Prost, FRA, Renault, 57, 1983
3, Arnoux, FRA, Ferrari, 49, 1983
4, Tambay, FRA, Ferrari, 40, 1983
5, Rosberg, FIN, Williams Honda, 27, 1983
6, Watson, GBR, McLaren Ford, 22, 1983
7, Cheever, USA, Renault, 22, 1983
8, de Cesaris, ITA, Alfa Romeo, 15, 1983
9, Patrese, ITA, Brabham BMW, 13, 1983
10, Lauda, AUT, McLaren TAG, 12, 1983
11, Laffite, FRA, Williams Honda, 11, 1983
12, Alboreto, ITA, Tyrrell Ford, 10, 1983
13, Mansell, GBR, Lotus Renault, 10, 1983
14, Warwick, GBR, Toleman Hart, 9, 1983
15, Surer, SUI, Arrows Ford, 4, 1983
16, Baldi, ITA, Alfa Romeo, 3, 1983
17, de Angelis, ITA, Lotus Renault, 2, 1983
18, Sullivan, USA, Tyrrell Ford, 2, 1983
19, Giacomelli, ITA, Toleman Hart, 1, 1983
20, Cecotto, VEN, Theodore Ford, 1, 1983
1, Lauda, AUT, McLaren TAG, 72, 1984
2, Prost, FRA, McLaren TAG, 71.5, 1984
3, de Angelis, ITA, Lotus Renault, 34, 1984
4, Alboreto, ITA, Ferrari, 30.5, 1984
5, Piquet, BRA, Brabham BMW, 29, 1984
6, Arnoux, FRA, Ferrari, 27, 1984
7, Warwick, GBR, Renault, 23, 1984
8, Rosberg, FIN, Williams Honda, 20.5, 1984
9, Senna, BRA, Toleman Hart, 13, 1984
10, Mansell, GBR, Lotus Renault, 13, 1984
11, Tambay, FRA, Renault, 11, 1984
12, Fabi, ITA, Brabham BMW, 9, 1984
13, Patrese, ITA, Alfa Romeo, 8, 1984
14, Laffite, FRA, Williams Honda, 5, 1984
15, Boutsen, BEL, Arrows BMW, 5, 1984
16, Cheever, USA, Alfa Romeo, 3, 1984
17, Johansson, SWE, Toleman Hart, 3, 1984
18, de Cesaris, ITA, Ligier Renault, 3, 1984
19, Ghinzani, ITA, Osella Alfa Romeo, 2, 1984
20, Surer, SUI, Arrows BMW, 1, 1984
1, Prost, FRA, McLaren TAG, 73, 1985
2, Alboreto, ITA, Ferrari, 53, 1985
3, Rosberg, FIN, Williams Honda, 40, 1985
4, Senna, BRA, Lotus Renault, 38, 1985
5, de Angelis, ITA, Lotus Renault, 33, 1985
6, Mansell, GBR, Williams Honda, 31, 1985
7, Johansson, SWE, Ferrari, 26, 1985
8, Piquet, BRA, Brabham BMW, 21, 1985
9, Laffite, FRA, Ligier Renault, 16, 1985
10, Lauda, AUT, McLaren TAG, 14, 1985
11, Boutsen, BEL, Arrows BMW, 11, 1985
12, Tambay, FRA, Renault, 11, 1985
13, Surer, SUI, Brabham BMW, 5, 1985
14, Warwick, GBR, Renault, 5, 1985
15, Streiff, FRA, Ligier Renault, 4, 1985
16, Bellof, GER, Tyrrell Renault, 4, 1985
17, de Cesaris, ITA, Ligier Renault, 3, 1985
18, Arnoux, FRA, Ferrari, 3, 1985
19, Capelli, ITA, Tyrrell Renault, 3, 1985
20, Berger, AUT, Arrows BMW, 3, 1985
1, Prost, FRA, McLaren TAG, 72, 1986
2, Mansell, GBR, Williams Honda, 70, 1986
3, Piquet, BRA, Williams Honda, 69, 1986
4, Senna, BRA, Lotus Renault, 55, 1986
5, Johansson, SWE, Ferrari, 23, 1986
6, Rosberg, FIN, McLaren TAG, 22, 1986
7, Berger, AUT, Benetton BMW, 17, 1986
8, Laffite, FRA, Ligier Renault, 14, 1986
9, Alboreto, ITA, Ferrari, 14, 1986
10, Arnoux, FRA, Ligier Renault, 14, 1986
11, Brundle, GBR, Tyrrell Renault, 8, 1986
12, Jones, AUS, Lola Ford, 4, 1986
13, Dumfries, GBR, Lotus Renault, 3, 1986
14, Streiff, FRA, Tyrrell Renault, 3, 1986
15, Fabi, ITA, Benetton BMW, 2, 1986
16, Tambay, FRA, Lola Ford, 2, 1986
17, Patrese, ITA, Brabham BMW, 2, 1986
18, Alliot, FRA, Ligier Renault, 1, 1986
19, Danner, GER, Arrows BMW, 1, 1986
1, Piquet, BRA, Williams Honda, 73, 1987
2, Mansell, GBR, Williams Honda, 61, 1987
3, Senna, BRA, Lotus Honda, 57, 1987
4, Prost, FRA, McLaren TAG, 46, 1987
5, Berger, AUT, Ferrari, 36, 1987
6, Johansson, SWE, McLaren TAG, 30, 1987
7, Alboreto, ITA, Ferrari, 17, 1987
8, Boutsen, BEL, Benetton Ford, 16, 1987
9, Fabi, ITA, Benetton Ford, 12, 1987
10, Cheever, USA, Arrows Megatron, 8, 1987
11, Palmer, GBR, Tyrrell Ford, 7, 1987
12, Nakajima, JPN, Lotus Honda, 7, 1987
13, Patrese, ITA, Williams Honda, 6, 1987
14, de Cesaris, ITA, Brabham BMW, 4, 1987
15, Streiff, FRA, Tyrrell Ford, 4, 1987
16, Warwick, GBR, Arrows Megatron, 3, 1987
17, Alliot, FRA, Lola Ford, 3, 1987
18, Brundle, GBR, Zakspeed, 2, 1987
19, Arnoux, FRA, Ligier Megatron, 1, 1987
20, Capelli, ITA, March Ford, 1, 1987
21, Moreno, BRA, AGS Ford, 1, 1987
1, Senna, BRA, McLaren Honda, 90, 1988
2, Prost, FRA, McLaren Honda, 87, 1988
3, Berger, AUT, Ferrari, 41, 1988
4, Boutsen, BEL, Benetton Ford, 27, 1988
5, Alboreto, ITA, Ferrari, 24, 1988
6, Piquet, BRA, Lotus Honda, 22, 1988
7, Capelli, ITA, March Judd, 17, 1988
8, Warwick, GBR, Arrows Megatron, 17, 1988
9, Mansell, GBR, Williams Judd, 12, 1988
10, Nannini, ITA, Benetton Ford, 12, 1988
11, Patrese, ITA, Williams Judd, 8, 1988
12, Cheever, USA, Arrows Megatron, 6, 1988
13, Gugelmin, BRA, March Judd, 5, 1988
14, Palmer, GBR, Tyrrell Ford, 5, 1988
15, de Cesaris, ITA, Rial Ford, 3, 1988
16, Martini, ITA, Minardi Ford, 1, 1988
17, Nakajima, JPN, Lotus Honda, 1, 1988
1, Prost, FRA, McLaren Honda, 76, 1989
2, Senna, BRA, McLaren Honda, 60, 1989
3, Patrese, ITA, Williams Renault, 40, 1989
4, Mansell, GBR, Ferrari, 38, 1989
5, Boutsen, BEL, Williams Renault, 37, 1989
6, Nannini, ITA, Benetton Ford, 32, 1989
7, Berger, AUT, Ferrari, 21, 1989
8, Piquet, BRA, Lotus Judd, 12, 1989
9, Alesi, FRA, Tyrrell Ford, 8, 1989
10, Warwick, GBR, Arrows Ford, 7, 1989
11, Johansson, SWE, Onyx Ford, 6, 1989
11, Alboreto, ITA, Lola Lamborghini, 6, 1989
11, Cheever, USA, Arrows Ford, 6, 1989
14, Herbert, GBR, Tyrrell Ford, 5, 1989
15, Martini, ITA, Minardi Ford, 5, 1989
16, de Cesaris, ITA, Dallara Ford, 4, 1989
16, Gugelmin, BRA, March Judd, 4, 1989
16, Modena, ITA, Brabham Judd, 4, 1989
19, Caffi, ITA, Dallara Ford, 4, 1989
20, Brundle, GBR, Brabham Judd, 4, 1989
21, Danner, GER, Rial Ford, 3, 1989
21, Nakajima, JPN, Lotus Judd, 3, 1989
23, Arnoux, FRA, Ligier Ford, 2, 1989
23, Pirro, ITA, Benetton Ford, 2, 1989
25, Palmer, GBR, Tyrrell Ford, 2, 1989
26, Tarquini, ITA, AGS Ford, 1, 1989
26, Alliot, FRA, Lola Lamborghini, 1, 1989
26, Grouillard, FRA, Ligier Ford, 1, 1989
26, Perez-Sala, ESP, Minardi Ford, 1, 1989
1, Senna, BRA, McLaren Honda, 78, 1990
2, Prost, FRA, Ferrari, 71, 1990
3, Piquet, BRA, Benetton Ford, 43, 1990
3, Berger, AUT, McLaren Honda, 43, 1990
5, Mansell, GBR, Ferrari, 37, 1990
6, Boutsen, BEL, Williams Renault, 34, 1990
7, Patrese, ITA, Williams Renault, 23, 1990
8, Nannini, ITA, Benetton Ford, 21, 1990
9, Alesi, FRA, Tyrrell Ford, 13, 1990
10, Capelli, ITA, Leyton House Judd, 6, 1990
10, Moreno, BRA, Benetton Ford, 6, 1990
12, Suzuki, JPN, Lola Lamborghini, 6, 1990
13, Bernard, FRA, Lola Lamborghini, 5, 1990
14, Warwick, GBR, Lotus Lamborghini, 3, 1990
15, Nakajima, JPN, Tyrrell Ford, 3, 1990
16, Caffi, ITA, Arrows Ford, 2, 1990
16, Modena, ITA, Brabham Judd, 2, 1990
18, Gugelmin, BRA, Leyton House Judd, 1, 1990
1, Senna, BRA, McLaren Honda, 96, 1991
2, Mansell, GBR, Williams Renault, 72, 1991
3, Patrese, ITA, Williams Renault, 53, 1991
4, Berger, AUT, McLaren Honda, 43, 1991
5, Prost, FRA, Ferrari, 34, 1991
6, Piquet, BRA, Benetton Ford, 26.5, 1991
7, Alesi, FRA, Ferrari, 21, 1991
8, Modena, ITA, Tyrrell Honda, 10, 1991
9, de Cesaris, ITA, Jordan Ford, 9, 1991
10, Moreno, BRA, Minardi Ferrari, 8, 1991
11, Martini, ITA, Minardi Ferrari, 6, 1991
12, Jarvilehto, FIN, Dallara Judd, 4, 1991
12, Gachot, FRA, Jordan Ford, 4, 1991
12, Schumacher, GER, Benetton Ford, 4, 1991
15, Hakkinen, FIN, Lotus Judd, 2, 1991
15, Brundle, GBR, Brabham Yamaha, 2, 1991
15, Nakajima, JPN, Tyrrell Honda, 2, 1991
18, Bailey, GBR, Lotus Judd, 1, 1991
18, Bernard, FRA, Lola Ford, 1, 1991
18, Capelli, ITA, Leyton House Ilmor, 1, 1991
18, Suzuki, JPN, Lola Ford, 1, 1991
18, Pirro, ITA, Dallara Judd, 1, 1991
18, Blundell, GBR, Brabham Yamaha, 1, 1991
24, Morbidelli, ITA, Ferrari, 0.5, 1991
1, Mansell, GBR, Williams Renault, 108, 1992
2, Patrese, ITA, Williams Renault, 56, 1992
3, Schumacher, GER, Benetton Ford, 53, 1992
4, Senna, BRA, McLaren Honda, 50, 1992
5, Berger, AUT, McLaren Honda, 49, 1992
6, Brundle, GBR, Benetton Ford, 38, 1992
7, Alesi, FRA, Ferrari, 18, 1992
8, Hakkinen, FIN, Lotus Ford, 11, 1992
9, de Cesaris, ITA, Tyrrell Ilmor, 8, 1992
10, Alboreto, ITA, Footwork Mugen Honda, 6, 1992
11, Comas, FRA, Ligier Renault, 4, 1992
12, Wendlinger, AUT, March Ilmor, 3, 1992
12, Capelli, ITA, Ferrari, 3, 1992
14, Boutsen, BEL, Ligier Renault, 2, 1992
15, Martini, ITA, Dallara Ferrari, 2, 1992
16, Herbert, GBR, Lotus Ford, 2, 1992
17, Modena, ITA, Jordan Yamaha, 1, 1992
18, Fittipaldi, BRA, Minardi Lamborghini, 1, 1992
19, Gachot, FRA, Venturi Lamborghini, 1, 1992
1, Prost, FRA, Williams Renault, 99, 1993
2, Senna, BRA, McLaren Ford, 73, 1993
3, Hill, GBR, Williams Renault, 69, 1993
4, Schumacher, GER, Benetton Ford, 52, 1993
5, Patrese, ITA, Benetton Ford, 20, 1993
6, Alesi, FRA, Ferrari, 16, 1993
7, Brundle, GBR, Ligier Renault, 13, 1993
8, Berger, AUT, Ferrari, 12, 1993
9, Herbert, GBR, Lotus Ford, 11, 1993
10, Blundell, GBR, Ligier Renault, 10, 1993
11, Andretti, USA, McLaren Ford, 7, 1993
12, Wendlinger, AUT, Sauber, 7, 1993
13, Fittipaldi, BRA, Minardi Ford, 5, 1993
13, Jarvilehto, FIN, Sauber, 5, 1993
15, Hakkinen, FIN, McLaren Ford, 4, 1993
16, Warwick, GBR, Footwork Mugen Honda, 4, 1993
17, Alliot, FRA, Larrousse Lamborghini, 2, 1993
17, Barrichello, BRA, Jordan Hart, 2, 1993
19, Barbazza, ITA, Minardi Ford, 2, 1993
20, Zanardi, ITA, Lotus Ford, 1, 1993
20, Comas, FRA, Larrousse Lamborghini, 1, 1993
20, Irvine, GBR, Jordan Hart, 1, 1993
1, Schumacher, GER, Benetton Ford, 92, 1994
2, Hill, GBR, Williams Renault, 91, 1994
3, Berger, AUT, Ferrari, 41, 1994
4, Hakkinen, FIN, McLaren Peugeot, 26, 1994
5, Alesi, FRA, Ferrari, 24, 1994
6, Barrichello, BRA, Jordan Hart, 19, 1994
7, Brundle, GBR, McLaren Peugeot, 16, 1994
8, Coulthard, GBR, Williams Renault, 14, 1994
9, Mansell, GBR, Williams Renault, 13, 1994
10, Verstappen, NED, Benetton Ford, 10, 1994
11, Panis, FRA, Ligier Renault, 9, 1994
12, Blundell, GBR, Tyrrell Yamaha, 8, 1994
13, Frentzen, GER, Sauber Mercedes, 7, 1994
14, Larini, ITA, Ferrari, 6, 1994
15, Fittipaldi, BRA, Footwork Ford, 6, 1994
16, Irvine, GBR, Jordan Hart, 6, 1994
17, Katayama, JPN, Tyrrell Yamaha, 5, 1994
18, Bernard, FRA, Lotus Mugen Honda, 4, 1994
19, Wendlinger, AUT, Sauber Mercedes, 4, 1994
20, de Cesaris, ITA, Sauber Mercedes, 4, 1994
21, Martini, ITA, Minardi Ford, 4, 1994
22, Morbidelli, ITA, Footwork Ford, 3, 1994
23, Comas, FRA, Larrousse Ford, 2, 1994
24, Alboreto, ITA, Minardi Ford, 1, 1994
25, Jarvilehto, FIN, Sauber Mercedes, 1, 1994
1, Schumacher, GER, Benetton Renault, 102, 1995
2, Hill, GBR, Williams Renault, 69, 1995
3, Coulthard, GBR, Williams Renault, 49, 1995
4, Herbert, GBR, Benetton Renault, 45, 1995
5, Alesi, FRA, Ferrari, 42, 1995
6, Berger, AUT, Ferrari, 31, 1995
7, Hakkinen, FIN, McLaren Mercedes, 17, 1995
8, Panis, FRA, Ligier Mugen Honda, 16, 1995
9, Frentzen, GER, Sauber Ford, 15, 1995
10, Blundell, GBR, McLaren Mercedes, 13, 1995
11, Barrichello, BRA, Jordan Peugeot, 11, 1995
12, Irvine, GBR, Jordan Peugeot, 10, 1995
13, Brundle, GBR, Ligier Mugen Honda, 7, 1995
14, Morbidelli, ITA, Footwork Hart, 5, 1995
15, Salo, FIN, Tyrrell Yamaha, 5, 1995
16, Boullion, FRA, Sauber Ford, 3, 1995
17, Suzuki, JPN, Ligier Mugen Honda, 1, 1995
18, Lamy, POR, Minardi Ford, 1, 1995
1, Hill, GBR, Williams Renault, 97, 1996
2, Villeneuve, CAN, Williams Renault, 78, 1996
3, Schumacher, GER, Ferrari, 59, 1996
4, Alesi, FRA, Benetton Renault, 47, 1996
5, Hakkinen, FIN, McLaren Mercedes, 31, 1996
6, Berger, AUT, Benetton Renault, 21, 1996
7, Coulthard, GBR, McLaren Mercedes, 18, 1996
8, Barrichello, BRA, Jordan Peugeot, 14, 1996
9, Panis, FRA, Ligier Mugen Honda, 13, 1996
10, Irvine, GBR, Ferrari, 11, 1996
11, Brundle, GBR, Jordan Peugeot, 8, 1996
12, Frentzen, GER, Sauber Ford, 7, 1996
13, Salo, FIN, Tyrrell Yamaha, 5, 1996
14, Herbert, GBR, Sauber Ford, 4, 1996
15, Diniz, BRA, Ligier Mugen Honda, 2, 1996
16, Verstappen, NED, Footwork Hart, 1, 1996
1, Villeneuve, CAN, Williams Renault, 81, 1997
DQ, Schumacher, GER, Ferrari, 78, 1997
2, Frentzen, GER, Williams Renault, 42, 1997
3, Coulthard, GBR, McLaren Mercedes, 36, 1997
4, Alesi, FRA, Benetton Renault, 36, 1997
5, Berger, AUT, Benetton Renault, 27, 1997
6, Hakkinen, FIN, McLaren Mercedes, 27, 1997
7, Irvine, GBR, Ferrari, 24, 1997
8, Fisichella, ITA, Jordan Peugeot, 20, 1997
9, Panis, FRA, Prost Mugen Honda, 16, 1997
10, Herbert, GBR, Sauber Petronas, 15, 1997
11, Schumacher, GER, Jordan Peugeot, 13, 1997
12, Hill, GBR, Arrows Yamaha, 7, 1997
13, Barrichello, BRA, Stewart Ford, 6, 1997
14, Wurz, AUT, Benetton Renault, 4, 1997
15, Trulli, ITA, Prost Mugen Honda, 3, 1997
16, Salo, FIN, Tyrrell Ford, 2, 1997
17, Diniz, BRA, Arrows Yamaha, 2, 1997
18, Nakano, JPN, Prost Mugen Honda, 2, 1997
19, Larini, ITA, Sauber Petronas, 1, 1997
1, Hakkinen, FIN, McLaren Mercedes, 100, 1998
2, Schumacher, GER, Ferrari, 86, 1998
3, Coulthard, GBR, McLaren Mercedes, 56, 1998
4, Irvine, GBR, Ferrari, 47, 1998
5, Villeneuve, CAN, Williams Mecachrome, 21, 1998
6, Hill, GBR, Jordan Mugen Honda, 20, 1998
7, Frentzen, GER, Williams Mecachrome, 17, 1998
8, Wurz, AUT, Benetton Playlife, 17, 1998
9, Fisichella, ITA, Benetton Playlife, 16, 1998
10, Schumacher, GER, Jordan Mugen Honda, 14, 1998
11, Alesi, FRA, Sauber Petronas, 9, 1998
12, Barrichello, BRA, Stewart Ford, 4, 1998
13, Salo, FIN, Arrows, 3, 1998
14, Diniz, BRA, Arrows, 3, 1998
15, Herbert, GBR, Sauber Petronas, 1, 1998
16, Magnussen, DEN, Stewart Ford, 1, 1998
17, Trulli, ITA, Prost Peugeot, 1, 1998
18, Rosset, BRA, Tyrrell Ford, 0, 1998
19, Panis, FRA, Prost Peugeot, 0, 1998
20, Takagi, JPN, Tyrrell Ford, 0, 1998
21, Nakano, JPN, Minardi Ford, 0, 1998
22, Tuero, ARG, Minardi Ford, 0, 1998
23, Verstappen, NED, Stewart Ford, 0, 1998
1, Hakkinen, FIN, McLaren Mercedes, 76, 1999
2, Irvine, GBR, Ferrari, 74, 1999
3, Frentzen, GER, Jordan Mugen Honda, 54, 1999
4, Coulthard, GBR, McLaren Mercedes, 48, 1999
5, Schumacher, GER, Ferrari, 44, 1999
6, Schumacher, GER, Williams Supertec, 35, 1999
7, Barrichello, BRA, Stewart Ford, 21, 1999
8, Herbert, GBR, Stewart Ford, 15, 1999
9, Fisichella, ITA, Benetton Playlife, 13, 1999
10, Salo, FIN, Ferrari, 10, 1999
11, Trulli, ITA, Prost Peugeot, 7, 1999
12, Hill, GBR, Jordan Mugen Honda, 7, 1999
13, Wurz, AUT, Benetton Playlife, 3, 1999
14, Diniz, BRA, Sauber Petronas, 3, 1999
15, Panis, FRA, Prost Peugeot, 2, 1999
16, Alesi, FRA, Sauber Petronas, 2, 1999
17, de la Rosa, ESP, Arrows, 1, 1999
18, Gene, ESP, Minardi Ford, 1, 1999
1, Schumacher, GER, Ferrari, 108, 2000
2, Hakkinen, FIN, McLaren Mercedes, 89, 2000
3, Coulthard, GBR, McLaren Mercedes, 73, 2000
4, Barrichello, BRA, Ferrari, 62, 2000
5, Schumacher, GER, Williams BMW, 24, 2000
6, Fisichella, ITA, Benetton Playlife, 18, 2000
7, Villeneuve, CAN, BAR Honda, 17, 2000
8, Button, GBR, Williams BMW, 12, 2000
9, Frentzen, GER, Jordan Mugen Honda, 11, 2000
10, Trulli, ITA, Jordan Mugen Honda, 6, 2000
11, Salo, FIN, Sauber Petronas, 6, 2000
12, Verstappen, NED, Arrows Supertec, 5, 2000
13, Irvine, GBR, Jaguar Cosworth, 4, 2000
14, Zonta, BRA, BAR Honda, 3, 2000
15, Wurz, AUT, Benetton Playlife, 2, 2000
16, de la Rosa, ESP, Arrows Supertec, 2, 2000
17, Diniz, BRA, Sauber Petronas, 0, 2000
18, Herbert, GBR, Jaguar Cosworth, 0, 2000
19, Gene, ESP, Minardi Fondmetal, 0, 2000
20, Mazzacane, ARG, Minardi Fondmetal, 0, 2000
21, Heidfeld, GER, Prost Peugeot, 0, 2000
22, Alesi, FRA, Prost Peugeot, 0, 2000
23, Burti, BRA, Jaguar Cosworth, 0, 2000
1, Schumacher, GER, Ferrari, 123, 2001
2, Coulthard, GBR, McLaren Mercedes, 65, 2001
3, Barrichello, BRA, Ferrari, 56, 2001
4, Schumacher, GER, Williams BMW, 49, 2001
5, Hakkinen, FIN, McLaren Mercedes, 37, 2001
6, Montoya, COL, Williams BMW, 31, 2001
7, Villeneuve, CAN, BAR Honda, 12, 2001
8, Heidfeld, GER, Sauber Petronas, 12, 2001
9, Trulli, ITA, Jordan Honda, 12, 2001
10, R�ikk�nen, FIN, Sauber Petronas, 9, 2001
11, Fisichella, ITA, Benetton Renault, 8, 2001
12, Irvine, GBR, Jaguar Cosworth, 6, 2001
13, Frentzen, GER, Prost Acer, 6, 2001
14, Panis, FRA, BAR Honda, 5, 2001
15, Alesi, FRA, Jordan Honda, 5, 2001
16, de la Rosa, ESP, Jaguar Cosworth, 3, 2001
17, Button, GBR, Benetton Renault, 2, 2001
18, Verstappen, NED, Arrows Asiatech, 1, 2001
1, Schumacher, GER, Ferrari, 144, 2002
2, Barrichello, BRA, Ferrari, 77, 2002
3, Montoya, COL, Williams BMW, 50, 2002
4, Schumacher, GER, Williams BMW, 42, 2002
5, Coulthard, GBR, McLaren Mercedes, 41, 2002
6, R�ikk�nen, FIN, McLaren Mercedes, 24, 2002
7, Button, GBR, Renault, 14, 2002
8, Trulli, ITA, Renault, 9, 2002
9, Irvine, GBR, Jaguar Cosworth, 8, 2002
10, Heidfeld, GER, Sauber Petronas, 7, 2002
11, Fisichella, ITA, Jordan Honda, 7, 2002
12, Villeneuve, CAN, BAR Honda, 4, 2002
13, Massa, BRA, Sauber Petronas, 4, 2002
14, Panis, FRA, BAR Honda, 3, 2002
15, Sato, JPN, Jordan Honda, 2, 2002
16, Webber, AUS, Minardi Asiatech, 2, 2002
17, Salo, FIN, Toyota, 2, 2002
18, Frentzen, GER, Sauber Petronas, 2, 2002
19, McNish, GBR, Toyota, 0, 2002
20, Yoong, MAS, Minardi Asiatech, 0, 2002
21, de la Rosa, ESP, Jaguar Cosworth, 0, 2002
22, Bernoldi, BRA, Arrows Cosworth, 0, 2002
1, Schumacher, GER, Ferrari, 93, 2003
2, R�ikk�nen, FIN, McLaren Mercedes, 91, 2003
3, Montoya, COL, Williams BMW, 82, 2003
4, Barrichello, BRA, Ferrari, 65, 2003
5, Schumacher, GER, Williams BMW, 58, 2003
6, Alonso, ESP, Renault, 55, 2003
7, Coulthard, GBR, McLaren Mercedes, 51, 2003
8, Trulli, ITA, Renault, 33, 2003
9, Button, GBR, BAR Honda, 17, 2003
10, Webber, AUS, Jaguar Cosworth, 17, 2003
11, Frentzen, GER, Sauber Petronas, 13, 2003
12, Fisichella, ITA, Jordan Ford, 12, 2003
13, da Matta, BRA, Toyota, 10, 2003
14, Heidfeld, GER, Sauber Petronas, 6, 2003
15, Panis, FRA, Toyota, 6, 2003
16, Villeneuve, CAN, BAR Honda, 6, 2003
17, Gene, ESP, Williams BMW, 4, 2003
18, Sato, JPN, BAR Honda, 3, 2003
19, Firman, IRL, Jordan Ford, 1, 2003
20, Wilson, GBR, Jaguar Cosworth, 1, 2003
21, Pizzonia, BRA, Jaguar Cosworth, 0, 2003
22, Verstappen, NED, Minardi Cosworth, 0, 2003
23, Kiesa, DEN, Minardi Cosworth, 0, 2003
24, Baumgartner, HUN, Jordan Ford, 0, 2003
1, Schumacher, GER, Ferrari, 148, 2004
2, Barrichello, BRA, Ferrari, 114, 2004
3, Button, GBR, BAR Honda, 85, 2004
4, Alonso, ESP, Renault, 59, 2004
5, Montoya, COL, Williams BMW, 58, 2004
6, Trulli, ITA, Toyota, 46, 2004
7, R�ikk�nen, FIN, McLaren Mercedes, 45, 2004
8, Sato, JPN, BAR Honda, 34, 2004
9, Schumacher, GER, Williams BMW, 24, 2004
10, Coulthard, GBR, McLaren Mercedes, 24, 2004
11, Fisichella, ITA, Sauber Petronas, 22, 2004
12, Massa, BRA, Sauber Petronas, 12, 2004
13, Webber, AUS, Jaguar Cosworth, 7, 2004
14, Panis, FRA, Toyota, 6, 2004
15, Pizzonia, BRA, Williams BMW, 6, 2004
16, Klien, AUT, Jaguar Cosworth, 3, 2004
17, da Matta, BRA, Toyota, 3, 2004
18, Heidfeld, GER, Jordan Ford, 3, 2004
19, Glock, GER, Jordan Ford, 2, 2004
20, Baumgartner, HUN, Minardi Cosworth, 1, 2004
21, Villeneuve, CAN, Renault, 0, 2004
22, Zonta, BRA, Toyota, 0, 2004
23, Gene, ESP, Williams BMW, 0, 2004
24, Pantano, ITA, Jordan Ford, 0, 2004
25, Bruni, ITA, Minardi Cosworth, 0, 2004
1, Alonso, ESP, Renault, 133, 2005
2, R�ikk�nen, FIN, McLaren Mercedes, 112, 2005
3, Schumacher, GER, Ferrari, 62, 2005
4, Montoya, COL, McLaren Mercedes, 60, 2005
5, Fisichella, ITA, Renault, 58, 2005
6, Schumacher, GER, Toyota, 45, 2005
7, Trulli, ITA, Toyota, 43, 2005
8, Barrichello, BRA, Ferrari, 38, 2005
9, Button, GBR, BAR Honda, 37, 2005
10, Webber, AUS, Williams BMW, 36, 2005
11, Heidfeld, GER, Williams BMW, 28, 2005
12, Coulthard, GBR, RBR Cosworth, 24, 2005
13, Massa, BRA, Sauber Petronas, 11, 2005
14, Villeneuve, CAN, Sauber Petronas, 9, 2005
15, Klien, AUT, RBR Cosworth, 9, 2005
16, Monteiro, POR, Jordan Toyota, 7, 2005
17, Wurz, AUT, McLaren Mercedes, 6, 2005
18, Karthikeyan, IND, Jordan Toyota, 5, 2005
19, Albers, NED, Minardi Cosworth, 4, 2005
20, de la Rosa, ESP, McLaren Mercedes, 4, 2005
21, Friesacher, AUT, Minardi Cosworth, 3, 2005
22, Pizzonia, BRA, Williams BMW, 2, 2005
23, Sato, JPN, BAR Honda, 1, 2005
24, Liuzzi, ITA, RBR Cosworth, 1, 2005
25, Doornbos, MON, Minardi Cosworth, 0, 2005
1, Alonso, ESP, Renault, 134, 2006
2, Schumacher, GER, Ferrari, 121, 2006
3, Massa, BRA, Ferrari, 80, 2006
4, Fisichella, ITA, Renault, 72, 2006
5, R�ikk�nen, FIN, McLaren Mercedes, 65, 2006
6, Button, GBR, Honda, 56, 2006
7, Barrichello, BRA, Honda, 30, 2006
8, Montoya, COL, McLaren Mercedes, 26, 2006
9, Heidfeld, GER, Sauber BMW, 23, 2006
10, Schumacher, GER, Toyota, 20, 2006
11, de la Rosa, ESP, McLaren Mercedes, 19, 2006
12, Trulli, ITA, Toyota, 15, 2006
13, Coulthard, GBR, RBR Ferrari, 14, 2006
14, Webber, AUS, Williams Cosworth, 7, 2006
15, Villeneuve, CAN, Sauber BMW, 7, 2006
16, Kubica, POL, Sauber BMW, 6, 2006
17, Rosberg, GER, Williams Cosworth, 4, 2006
18, Klien, AUT, RBR Ferrari, 2, 2006
19, Liuzzi, ITA, STR Cosworth, 1, 2006
20, Speed, USA, STR Cosworth, 0, 2006
21, Monteiro, POR, MF1 Toyota, 0, 2006
22, Albers, NED, MF1 Toyota, 0, 2006
23, Sato, JPN, Super Aguri Honda, 0, 2006
24, Doornbos, NED, RBR Ferrari, 0, 2006
25, Ide, JPN, Super Aguri Honda, 0, 2006
26, Yamamoto, JPN, Super Aguri Honda, 0, 2006
27, Montagny, FRA, Super Aguri Honda, 0, 2006
1, R�ikk�nen, FIN, Ferrari, 110, 2007
2, Hamilton, GBR, McLaren Mercedes, 109, 2007
3, Alonso, ESP, McLaren Mercedes, 109, 2007
4, Massa, BRA, Ferrari, 94, 2007
5, Heidfeld, GER, Sauber BMW, 61, 2007
6, Kubica, POL, Sauber BMW, 39, 2007
7, Kovalainen, FIN, Renault, 30, 2007
8, Fisichella, ITA, Renault, 21, 2007
9, Rosberg, GER, Williams Toyota, 20, 2007
10, Coulthard, GBR, Red Bull Renault, 14, 2007
11, Wurz, AUT, Williams Toyota, 13, 2007
12, Webber, AUS, Red Bull Renault, 10, 2007
13, Trulli, ITA, Toyota, 8, 2007
14, Vettel, GER, STR Ferrari, 6, 2007
15, Button, GBR, Honda, 6, 2007
16, Schumacher, GER, Toyota, 5, 2007
17, Sato, JPN, Super Aguri Honda, 4, 2007
18, Liuzzi, ITA, STR Ferrari, 3, 2007
19, Sutil, GER, Spyker Ferrari, 1, 2007
20, Barrichello, BRA, Honda, 0, 2007
21, Speed, USA, STR Ferrari, 0, 2007
22, Nakajima, JPN, Williams Toyota, 0, 2007
23, Davidson, GBR, Super Aguri Honda, 0, 2007
24, Yamamoto, JPN, Spyker Ferrari, 0, 2007
25, Albers, NED, Spyker Ferrari, 0, 2007
1, Hamilton, GBR, McLaren Mercedes, 98, 2008
2, Massa, BRA, Ferrari, 97, 2008
3, R�ikk�nen, FIN, Ferrari, 75, 2008
4, Kubica, POL, Sauber BMW, 75, 2008
5, Alonso, ESP, Renault, 61, 2008
6, Heidfeld, GER, Sauber BMW, 60, 2008
7, Kovalainen, FIN, McLaren Mercedes, 53, 2008
8, Vettel, GER, STR Ferrari, 35, 2008
9, Trulli, ITA, Toyota, 31, 2008
10, Glock, GER, Toyota, 25, 2008
11, Webber, AUS, Red Bull Renault, 21, 2008
12, Piquet, BRA, Renault, 19, 2008
13, Rosberg, GER, Williams Toyota, 17, 2008
14, Barrichello, BRA, Honda, 11, 2008
15, Nakajima, JPN, Williams Toyota, 9, 2008
16, Coulthard, GBR, Red Bull Renault, 8, 2008
17, Bourdais, FRA, STR Ferrari, 4, 2008
18, Button, GBR, Honda, 3, 2008
19, Fisichella, ITA, Force India Ferrari, 0, 2008
20, Sutil, GER, Force India Ferrari, 0, 2008
21, Sato, JPN, Super Aguri Honda, 0, 2008
22, Davidson, GBR, Super Aguri Honda, 0, 2008
1, Button, GBR, Brawn Mercedes, 95, 2009
2, Vettel, GER, RBR Renault, 84, 2009
3, Barrichello, BRA, Brawn Mercedes, 77, 2009
4, Webber, AUS, RBR Renault, 69.5, 2009
5, Hamilton, GBR, McLaren Mercedes, 49, 2009
6, R�ikk�nen, FIN, Ferrari, 48, 2009
7, Rosberg, GER, Williams Toyota, 34.5, 2009
8, Trulli, ITA, Toyota, 32.5, 2009
9, Alonso, ESP, Renault, 26, 2009
10, Glock, GER, Toyota, 24, 2009
11, Massa, BRA, Ferrari, 22, 2009
12, Kovalainen, FIN, McLaren Mercedes, 22, 2009
13, Heidfeld, GER, Sauber BMW, 19, 2009
14, Kubica, POL, Sauber BMW, 17, 2009
15, Fisichella, ITA, Ferrari, 8, 2009
16, Buemi, SUI, STR Ferrari, 6, 2009
17, Sutil, GER, Force India Mercedes, 5, 2009
18, Kobayashi, JPN, Toyota, 3, 2009
19, Bourdais, FRA, STR Ferrari, 2, 2009
20, Nakajima, JPN, Williams Toyota, 0, 2009
21, Piquet, BRA, Renault, 0, 2009
22, Liuzzi, ITA, Force India Mercedes, 0, 2009
23, Grosjean, FRA, Renault, 0, 2009
24, Alguersuari, ESP, STR Ferrari, 0, 2009
25, Badoer, ITA, Ferrari, 0, 2009
1, Vettel, GER, RBR Renault, 256, 2010
2, Alonso, ESP, Ferrari, 252, 2010
3, Webber, AUS, RBR Renault, 242, 2010
4, Hamilton, GBR, McLaren Mercedes, 240, 2010
5, Button, GBR, McLaren Mercedes, 214, 2010
6, Massa, BRA, Ferrari, 144, 2010
7, Rosberg, GER, Mercedes, 142, 2010
8, Kubica, POL, Renault, 136, 2010
9, Schumacher, GER, Mercedes, 72, 2010
10, Barrichello, BRA, Williams Cosworth, 47, 2010
11, Sutil, GER, Force India Mercedes, 47, 2010
12, Kobayashi, JPN, Sauber Ferrari, 32, 2010
13, Petrov, RUS, Renault, 27, 2010
14, Hulkenberg, GER, Williams Cosworth, 22, 2010
15, Liuzzi, ITA, Force India Mercedes, 21, 2010
16, Buemi, SUI, STR Ferrari, 8, 2010
17, de la Rosa, ESP, Sauber Ferrari, 6, 2010
18, Heidfeld, GER, Sauber Ferrari, 6, 2010
19, Alguersuari, ESP, STR Ferrari, 5, 2010
20, Kovalainen, FIN, Lotus Cosworth, 0, 2010
21, Trulli, ITA, Lotus Cosworth, 0, 2010
22, Chandhok, IND, HRT Cosworth, 0, 2010
23, Senna, BRA, HRT Cosworth, 0, 2010
24, di Grassi, BRA, Virgin Cosworth, 0, 2010
25, Glock, GER, Virgin Cosworth, 0, 2010
26, Yamamoto, JPN, HRT Cosworth, 0, 2010
27, Klien, AUT, HRT Cosworth, 0, 2010
1, Vettel, GER, Red Bull Racing Renault, 392, 2011
2, Button, GBR, McLaren Mercedes, 270, 2011
3, Webber, AUS, Red Bull Racing Renault, 258, 2011
4, Alonso, ESP, Ferrari, 257, 2011
5, Hamilton, GBR, McLaren Mercedes, 227, 2011
6, Massa, BRA, Ferrari, 118, 2011
7, Rosberg, GER, Mercedes, 89, 2011
8, Schumacher, GER, Mercedes, 76, 2011
9, Sutil, GER, Force India Mercedes, 42, 2011
10, Petrov, RUS, Renault, 37, 2011
11, Heidfeld, GER, Renault, 34, 2011
12, Kobayashi, JPN, Sauber Ferrari, 30, 2011
13, di Resta, GBR, Force India Mercedes, 27, 2011
14, Alguersuari, ESP, STR Ferrari, 26, 2011
15, Buemi, SUI, STR Ferrari, 15, 2011
16, Perez, MEX, Sauber Ferrari, 14, 2011
17, Barrichello, BRA, Williams Cosworth, 4, 2011
18, Senna, BRA, Renault, 2, 2011
19, Maldonado, VEN, Williams Cosworth, 1, 2011
20, de la Rosa, ESP, Sauber Ferrari, 0, 2011
21, Trulli, ITA, Lotus Renault, 0, 2011
22, Kovalainen, FIN, Lotus Renault, 0, 2011
23, Liuzzi, ITA, HRT Cosworth, 0, 2011
24, d'Ambrosio, BEL, Virgin Cosworth, 0, 2011
25, Glock, GER, Virgin Cosworth, 0, 2011
26, Karthikeyan, IND, HRT Cosworth, 0, 2011
27, Ricciardo, AUS, HRT Cosworth, 0, 2011
28, Chandhok, IND, Lotus Renault, 0, 2011
1, Vettel, GER, Red Bull Racing Renault, 281, 2012
2, Alonso, ESP, Ferrari, 278, 2012
3, R�ikk�nen, FIN, Lotus Renault, 207, 2012
4, Hamilton, GBR, McLaren Mercedes, 190, 2012
5, Button, GBR, McLaren Mercedes, 188, 2012
6, Webber, AUS, Red Bull Racing Renault, 179, 2012
7, Massa, BRA, Ferrari, 122, 2012
8, Grosjean, FRA, Lotus Renault, 96, 2012
9, Rosberg, GER, Mercedes, 93, 2012
10, Perez, MEX, Sauber Ferrari, 66, 2012
11, Hulkenberg, GER, Force India Mercedes, 63, 2012
12, Kobayashi, JPN, Sauber Ferrari, 60, 2012
13, Schumacher, GER, Mercedes, 49, 2012
14, di Resta, GBR, Force India Mercedes, 46, 2012
15, Maldonado, VEN, Williams Renault, 45, 2012
16, Senna, BRA, Williams Renault, 31, 2012
17, Vergne, FRA, STR Ferrari, 16, 2012
18, Ricciardo, AUS, STR Ferrari, 10, 2012
19, Petrov, RUS, Caterham Renault, 0, 2012
20, Glock, GER, Marussia Cosworth, 0, 2012
21, Pic, FRA, Marussia Cosworth, 0, 2012
22, Kovalainen, FIN, Caterham Renault, 0, 2012
23, d'Ambrosio, BEL, Lotus Renault, 0, 2012
24, Karthikeyan, IND, HRT Cosworth, 0, 2012
25, de la Rosa, ESP, HRT Cosworth, 0, 2012
1, Vettel, GER, Red Bull Racing Renault, 397, 2013
2, Alonso, ESP, Ferrari, 242, 2013
3, Webber, AUS, Red Bull Racing Renault, 199, 2013
4, Hamilton, GBR, Mercedes, 189, 2013
5, R�ikk�nen, FIN, Lotus Renault, 183, 2013
6, Rosberg, GER, Mercedes, 171, 2013
7, Grosjean, FRA, Lotus Renault, 132, 2013
8, Massa, BRA, Ferrari, 112, 2013
9, Button, GBR, McLaren Mercedes, 73, 2013
10, Hulkenberg, GER, Sauber Ferrari, 51, 2013
11, Perez, MEX, McLaren Mercedes, 49, 2013
12, di Resta, GBR, Force India Mercedes, 48, 2013
13, Sutil, GER, Force India Mercedes, 29, 2013
14, Ricciardo, AUS, STR Ferrari, 20, 2013
15, Vergne, FRA, STR Ferrari, 13, 2013
16, Gutierrez, MEX, Sauber Ferrari, 6, 2013
17, Bottas, FIN, Williams Renault, 4, 2013
18, Maldonado, VEN, Williams Renault, 1, 2013
19, Bianchi, FRA, Marussia Cosworth, 0, 2013
20, Pic, FRA, Caterham Renault, 0, 2013
21, Kovalainen, FIN, Lotus Renault, 0, 2013
22, van der Garde, NED, Caterham Renault, 0, 2013
23, Chilton, GBR, Marussia Cosworth, 0, 2013
1, Hamilton, GBR, Mercedes, 384, 2014
2, Rosberg, GER, Mercedes, 317, 2014
3, Ricciardo, AUS, Red Bull Racing Renault, 238, 2014
4, Bottas, FIN, Williams Mercedes, 186, 2014
5, Vettel, GER, Red Bull Racing Renault, 167, 2014
6, Alonso, ESP, Ferrari, 161, 2014
7, Massa, BRA, Williams Mercedes, 134, 2014
8, Button, GBR, McLaren Mercedes, 126, 2014
9, Hulkenberg, GER, Force India Mercedes, 96, 2014
10, Perez, MEX, Force India Mercedes, 59, 2014
11, Magnussen, DEN, McLaren Mercedes, 55, 2014
12, R�ikk�nen, FIN, Ferrari, 55, 2014
13, Vergne, FRA, STR Renault, 22, 2014
14, Grosjean, FRA, Lotus Renault, 8, 2014
15, Kvyat, RUS, STR Renault, 8, 2014
16, Maldonado, VEN, Lotus Renault, 2, 2014
17, Bianchi, FRA, Marussia Ferrari, 2, 2014
18, Sutil, GER, Sauber Ferrari, 0, 2014
19, Ericsson, SWE, Caterham Renault, 0, 2014
20, Gutierrez, MEX, Sauber Ferrari, 0, 2014
21, Chilton, GBR, Marussia Ferrari, 0, 2014
22, Kobayashi, JPN, Caterham Renault, 0, 2014
23, Stevens, GBR, Caterham Renault, 0, 2014
1, Hamilton, GBR, Mercedes, 381, 2015
2, Rosberg, GER, Mercedes, 322, 2015
3, Vettel, GER, Ferrari, 278, 2015
4, R�ikk�nen, FIN, Ferrari, 150, 2015
5, Bottas, FIN, Williams Mercedes, 136, 2015
6, Massa, BRA, Williams Mercedes, 121, 2015
7, Kvyat, RUS, Red Bull Racing Renault, 95, 2015
8, Ricciardo, AUS, Red Bull Racing Renault, 92, 2015
9, Perez, MEX, Force India Mercedes, 78, 2015
10, Hulkenberg, GER, Force India Mercedes, 58, 2015
11, Grosjean, FRA, Lotus Mercedes, 51, 2015
12, Verstappen, NED, STR Renault, 49, 2015
13, Nasr, BRA, Sauber Ferrari, 27, 2015
14, Maldonado, VEN, Lotus Mercedes, 27, 2015
15, Sainz, ESP, STR Renault, 18, 2015
16, Button, GBR, McLaren Honda, 16, 2015
17, Alonso, ESP, McLaren Honda, 11, 2015
18, Ericsson, SWE, Sauber Ferrari, 9, 2015
19, Merhi, ESP, Marussia Ferrari, 0, 2015
20, Rossi, USA, Marussia Ferrari, 0, 2015
21, Stevens, GBR, Marussia Ferrari, 0, 2015
1, Rosberg, GER, Mercedes, 385, 2016
2, Hamilton, GBR, Mercedes, 380, 2016
3, Ricciardo, AUS, Red Bull Racing TAG Heuer, 256, 2016
4, Vettel, GER, Ferrari, 212, 2016
5, Verstappen, NED, Red Bull Racing TAG Heuer, 204, 2016
6, R�ikk�nen, FIN, Ferrari, 186, 2016
7, Perez, MEX, Force India Mercedes, 101, 2016
8, Bottas, FIN, Williams Mercedes, 85, 2016
9, Hulkenberg, GER, Force India Mercedes, 72, 2016
10, Alonso, ESP, McLaren Honda, 54, 2016
11, Massa, BRA, Williams Mercedes, 53, 2016
12, Sainz, ESP, Toro Rosso Ferrari, 46, 2016
13, Grosjean, FRA, Haas Ferrari, 29, 2016
14, Kvyat, RUS, Toro Rosso Ferrari, 25, 2016
15, Button, GBR, McLaren Honda, 21, 2016
16, Magnussen, DEN, Renault, 7, 2016
17, Nasr, BRA, Sauber Ferrari, 2, 2016
18, Palmer, GBR, Renault, 1, 2016
19, Wehrlein, GER, MRT Mercedes, 1, 2016
20, Vandoorne, BEL, McLaren Honda, 1, 2016
21, Gutierrez, MEX, Haas Ferrari, 0, 2016
22, Ericsson, SWE, Sauber Ferrari, 0, 2016
23, Ocon, FRA, MRT Mercedes, 0, 2016
24, Haryanto, INA, MRT Mercedes, 0, 2016
1, Hamilton, GBR, Mercedes, 363, 2017
2, Vettel, GER, Ferrari, 317, 2017
3, Bottas, FIN, Mercedes, 305, 2017
4, R�ikk�nen, FIN, Ferrari, 205, 2017
5, Ricciardo, AUS, Red Bull Racing TAG Heuer, 200, 2017
6, Verstappen, NED, Red Bull Racing TAG Heuer, 168, 2017
7, Perez, MEX, Force India Mercedes, 100, 2017
8, Ocon, FRA, Force India Mercedes, 87, 2017
9, Sainz, ESP, Renault, 54, 2017
10, Hulkenberg, GER, Renault, 43, 2017
11, Massa, BRA, Williams Mercedes, 43, 2017
12, Stroll, CAN, Williams Mercedes, 40, 2017
13, Grosjean, FRA, Haas Ferrari, 28, 2017
14, Magnussen, DEN, Haas Ferrari, 19, 2017
15, Alonso, ESP, McLaren Honda, 17, 2017
16, Vandoorne, BEL, McLaren Honda, 13, 2017
17, Palmer, GBR, Renault, 8, 2017
18, Wehrlein, GER, Sauber Ferrari, 5, 2017
19, Kvyat, RUS, Toro Rosso, 5, 2017
20, Ericsson, SWE, Sauber Ferrari, 0, 2017
21, Gasly, FRA, Toro Rosso, 0, 2017
22, Giovinazzi, ITA, Sauber Ferrari, 0, 2017
23, Hartley, NZL, Toro Rosso, 0, 2017
1, Hamilton, GBR, Mercedes, 408, 2018
2, Vettel, GER, Ferrari, 320, 2018
3, R�ikk�nen, FIN, Ferrari, 251, 2018
4, Verstappen, NED, Red Bull Racing TAG Heuer, 249, 2018
5, Bottas, FIN, Mercedes, 247, 2018
6, Ricciardo, AUS, Red Bull Racing TAG Heuer, 170, 2018
7, Hulkenberg, GER, Renault, 69, 2018
8, Perez, MEX, Force India Mercedes, 62, 2018
9, Magnussen, DEN, Haas Ferrari, 56, 2018
10, Sainz, ESP, Renault, 53, 2018
11, Alonso, ESP, McLaren Renault, 50, 2018
12, Ocon, FRA, Force India Mercedes, 49, 2018
13, Leclerc, MON, Sauber Ferrari, 39, 2018
14, Grosjean, FRA, Haas Ferrari, 37, 2018
15, Gasly, FRA, Scuderia Toro Rosso Honda, 29, 2018
16, Vandoorne, BEL, McLaren Renault, 12, 2018
17, Ericsson, SWE, Sauber Ferrari, 9, 2018
18, Stroll, CAN, Williams Mercedes, 6, 2018
19, Hartley, NZL, Scuderia Toro Rosso Honda, 4, 2018
20, Sirotkin, RUS, Williams Mercedes, 1, 2018
1, Hamilton, GBR, Mercedes, 413, 2019
2, Bottas, FIN, Mercedes, 326, 2019
3, Verstappen, NED, Red Bull Racing Honda, 278, 2019
4, Leclerc, MON, Ferrari, 264, 2019
5, Vettel, GER, Ferrari, 240, 2019
6, Sainz, ESP, McLaren Renault, 96, 2019
7, Gasly, FRA, Scuderia Toro Rosso Honda, 95, 2019
8, Albon, THA, Red Bull Racing Honda, 92, 2019
9, Ricciardo, AUS, Renault, 54, 2019
10, Perez, MEX, Racing Point BWT Mercedes, 52, 2019
11, Norris, GBR, McLaren Renault, 49, 2019
12, R�ikk�nen, FIN, Alfa Romeo Racing Ferrari, 43, 2019
13, Kvyat, RUS, Scuderia Toro Rosso Honda, 37, 2019
14, Hulkenberg, GER, Renault, 37, 2019
15, Stroll, CAN, Racing Point BWT Mercedes, 21, 2019
16, Magnussen, DEN, Haas Ferrari, 20, 2019
17, Giovinazzi, ITA, Alfa Romeo Racing Ferrari, 14, 2019
18, Grosjean, FRA, Haas Ferrari, 8, 2019
19, Kubica, POL, Williams Mercedes, 1, 2019
20, Russell, GBR, Williams Mercedes, 0, 2019
1, Hamilton, GBR, Mercedes, 347, 2020
2, Bottas, FIN, Mercedes, 223, 2020
3, Verstappen, NED, Red Bull Racing Honda, 214, 2020
4, Perez, MEX, Racing Point BWT Mercedes, 125, 2020
5, Ricciardo, AUS, Renault, 119, 2020
6, Sainz, ESP, McLaren Renault, 105, 2020
7, Albon, THA, Red Bull Racing Honda, 105, 2020
8, Leclerc, MON, Ferrari, 98, 2020
9, Norris, GBR, McLaren Renault, 97, 2020
10, Gasly, FRA, AlphaTauri Honda, 75, 2020
11, Stroll, CAN, Racing Point BWT Mercedes, 75, 2020
12, Ocon, FRA, Renault, 62, 2020
13, Vettel, GER, Ferrari, 33, 2020
14, Kvyat, RUS, AlphaTauri Honda, 32, 2020
15, Hulkenberg, GER, Racing Point BWT Mercedes, 10, 2020
16, R�ikk�nen, FIN, Alfa Romeo Racing Ferrari, 4, 2020
17, Giovinazzi, ITA, Alfa Romeo Racing Ferrari, 4, 2020
18, Russell, GBR, Williams Mercedes, 3, 2020
19, Grosjean, FRA, Haas Ferrari, 2, 2020
20, Magnussen, DEN, Haas Ferrari, 1, 2020
21, Latifi, CAN, Williams Mercedes, 0, 2020
22, Aitken, GBR, Williams Mercedes, 0, 2020
23, Fittipaldi, BRA, Haas Ferrari, 0, 2020
1, Verstappen, NED, Red Bull Racing Honda, 395.5, 2021
2, Hamilton, GBR, Mercedes, 387.5, 2021
3, Bottas, FIN, Mercedes, 226, 2021
4, Perez, MEX, Red Bull Racing Honda, 190, 2021
5, Sainz, ESP, Ferrari, 164.5, 2021
6, Norris, GBR, McLaren Mercedes, 160, 2021
7, Leclerc, MON, Ferrari, 159, 2021
8, Ricciardo, AUS, McLaren Mercedes, 115, 2021
9, Gasly, FRA, AlphaTauri Honda, 110, 2021
10, Alonso, ESP, Alpine Renault, 81, 2021
11, Ocon, FRA, Alpine Renault, 74, 2021
12, Vettel, GER, Aston Martin Mercedes, 43, 2021
13, Stroll, CAN, Aston Martin Mercedes, 34, 2021
14, Tsunoda, JPN, AlphaTauri Honda, 32, 2021
15, Russell, GBR, Williams Mercedes, 16, 2021
16, R�ikk�nen, FIN, Alfa Romeo Racing Ferrari, 10, 2021
17, Latifi, CAN, Williams Mercedes, 7, 2021
18, Giovinazzi, ITA, Alfa Romeo Racing Ferrari, 3, 2021
19, Schumacher, GER, Haas Ferrari, 0, 2021
20, Kubica, POL, Alfa Romeo Racing Ferrari, 0, 2021
21, Mazepin, RAF, Haas Ferrari, 0, 2021
