Great Britain, 13-May-50, Farina, Alfa Romeo, 70, 1950
Monaco, 21-May-50, Fangio, Alfa Romeo, 100, 1950
Indianapolis 500, 30-May-50, Parsons, Kurtis Kraft Offenhauser, 138, 1950
Switzerland, 4-Jun-50, Farina, Alfa Romeo, 42, 1950
Belgium, 18-Jun-50, Fangio, Alfa Romeo, 35, 1950
France, 2-Jul-50, Fangio, Alfa Romeo, 64, 1950
Italy, 3-Sep-50, Farina, Alfa Romeo, 80, 1950
Switzerland, 27-May-51, Fangio, Alfa Romeo, 42, 1951
Indianapolis 500, 30-May-51, Wallard, Kurtis Kraft Offenhauser, 200, 1951
Belgium, 17-Jun-51, Farina, Alfa Romeo, 36, 1951
France, 1-Jul-51, Fangio, Alfa Romeo, 77, 1951
France, 1-Jul-51, Fagioli, Alfa Romeo, null, 1951
Great Britain, 14-Jul-51, Gonzalez, Ferrari, 90, 1951
Germany, 29-Jul-51, Ascari, Ferrari, 20, 1951
Italy, 16-Sep-51, Ascari, Ferrari, 80, 1951
Spain, 28-Oct-51, Fangio, Alfa Romeo, 70, 1951
Switzerland, 18-May-52, Taruffi, Ferrari, 62, 1952
Indianapolis 500, 30-May-52, Ruttman, Kuzma Offenhauser, 200, 1952
Belgium, 22-Jun-52, Ascari, Ferrari, 36, 1952
France, 6-Jul-52, Ascari, Ferrari, 77, 1952
Great Britain, 19-Jul-52, Ascari, Ferrari, 85, 1952
Germany, 3-Aug-52, Ascari, Ferrari, 18, 1952
Netherlands, 17-Aug-52, Ascari, Ferrari, 90, 1952
Italy, 7-Sep-52, Ascari, Ferrari, 80, 1952
Argentina, 18-Jan-53, Ascari, Ferrari, 97, 1953
Indianapolis 500, 30-May-53, Vukovich, Kurtis Kraft Offenhauser, 200, 1953
Netherlands, 7-Jun-53, Ascari, Ferrari, 90, 1953
Belgium, 21-Jun-53, Ascari, Ferrari, 36, 1953
France, 5-Jul-53, Hawthorn, Ferrari, 60, 1953
Great Britain, 18-Jul-53, Ascari, Ferrari, 90, 1953
Germany, 2-Aug-53, Farina, Ferrari, 18, 1953
Switzerland, 23-Aug-53, Ascari, Ferrari, 65, 1953
Italy, 13-Sep-53, Fangio, Maserati, 80, 1953
Argentina, 17-Jan-54, Fangio, Maserati, 87, 1954
Indianapolis 500, 31-May-54, Vukovich, Kurtis Kraft Offenhauser, 200, 1954
Belgium, 20-Jun-54, Fangio, Maserati, 36, 1954
France, 4-Jul-54, Fangio, Mercedes-Benz, 61, 1954
Great Britain, 17-Jul-54, Gonzalez, Ferrari, 90, 1954
Germany, 1-Aug-54, Fangio, Mercedes-Benz, 22, 1954
Switzerland, 22-Aug-54, Fangio, Mercedes-Benz, 66, 1954
Italy, 5-Sep-54, Fangio, Mercedes-Benz, 80, 1954
Spain, 24-Oct-54, Hawthorn, Ferrari, 80, 1954
Argentina, 16-Jan-55, Fangio, Mercedes-Benz, 96, 1955
Monaco, 22-May-55, Trintignant, Ferrari, 100, 1955
Indianapolis 500, 30-May-55, Sweikert, Kurtis Kraft Offenhauser, 200, 1955
Belgium, 5-Jun-55, Fangio, Mercedes-Benz, 36, 1955
Netherlands, 19-Jun-55, Fangio, Mercedes-Benz, 100, 1955
Great Britain, 16-Jul-55, Moss, Mercedes-Benz, 90, 1955
Italy, 11-Sep-55, Fangio, Mercedes-Benz, 50, 1955
Argentina, 22-Jan-56, Musso, Ferrari, null, 1956
Argentina, 22-Jan-56, Fangio, Ferrari, 98, 1956
Monaco, 13-May-56, Moss, Maserati, 100, 1956
Indianapolis 500, 30-May-56, Flaherty, Watson Offenhauser, 200, 1956
Belgium, 3-Jun-56, Collins, Ferrari, 36, 1956
France, 1-Jul-56, Collins, Ferrari, 61, 1956
Great Britain, 14-Jul-56, Fangio, Ferrari, 101, 1956
Germany, 5-Aug-56, Fangio, Ferrari, 22, 1956
Italy, 2-Sep-56, Moss, Maserati, 50, 1956
Argentina, 13-Jan-57, Fangio, Maserati, 100, 1957
Monaco, 19-May-57, Fangio, Maserati, 105, 1957
Indianapolis 500, 30-May-57, Hanks, Epperly Offenhauser, 200, 1957
France, 7-Jul-57, Fangio, Maserati, 77, 1957
Great Britain, 20-Jul-57, Moss, Vanwall, 90, 1957
Great Britain, 20-Jul-57, Brooks, Vanwall, null, 1957
Germany, 4-Aug-57, Fangio, Maserati, 22, 1957
Pescara, 18-Aug-57, Moss, Vanwall, 18, 1957
Italy, 8-Sep-57, Moss, Vanwall, 87, 1957
Argentina, 19-Jan-58, Moss, Cooper Climax, 80, 1958
Monaco, 18-May-58, Trintignant, Cooper Climax, 100, 1958
Netherlands, 26-May-58, Moss, Vanwall, 75, 1958
Indianapolis 500, 30-May-58, Bryan, Epperly Offenhauser, 200, 1958
Belgium, 15-Jun-58, Brooks, Vanwall, 24, 1958
France, 6-Jul-58, Hawthorn, Ferrari, 50, 1958
Great Britain, 19-Jul-58, Collins, Ferrari, 75, 1958
Germany, 3-Aug-58, Brooks, Vanwall, 15, 1958
Portugal, 24-Aug-58, Moss, Vanwall, 50, 1958
Italy, 7-Sep-58, Brooks, Vanwall, 70, 1958
Morocco, 19-Oct-58, Moss, Vanwall, 53, 1958
Monaco, 10-May-59, Brabham, Cooper Climax, 100, 1959
Indianapolis 500, 30-May-59, Ward, Watson Offenhauser, 200, 1959
Netherlands, 31-May-59, Bonnier, BRM, 75, 1959
France, 5-Jul-59, Brooks, Ferrari, 50, 1959
Great Britain, 18-Jul-59, Brabham, Cooper Climax, 75, 1959
Germany, 2-Aug-59, Brooks, Ferrari, 60, 1959
Portugal, 23-Aug-59, Moss, Cooper Climax, 62, 1959
Italy, 13-Sep-59, Moss, Cooper Climax, 72, 1959
United States, 12-Dec-59, McLaren, Cooper Climax, 42, 1959
Argentina, 7-Feb-60, McLaren, Cooper Climax, 80, 1960
Monaco, 29-May-60, Moss, Lotus Climax, 100, 1960
Indianapolis 500, 30-May-60, Rathmann, Watson Offenhauser, 200, 1960
Netherlands, 6-Jun-60, Brabham, Cooper Climax, 75, 1960
Belgium, 19-Jun-60, Brabham, Cooper Climax, 36, 1960
France, 3-Jul-60, Brabham, Cooper Climax, 50, 1960
Great Britain, 16-Jul-60, Brabham, Cooper Climax, 77, 1960
Portugal, 14-Aug-60, Brabham, Cooper Climax, 55, 1960
Italy, 4-Sep-60, Hill, Ferrari, 50, 1960
United States, 20-Nov-60, Moss, Lotus Climax, 75, 1960
Monaco, 14-May-61, Moss, Lotus Climax, 100, 1961
Netherlands, 22-May-61, von Trips, Ferrari, 75, 1961
Belgium, 18-Jun-61, Hill, Ferrari, 30, 1961
France, 2-Jul-61, Baghetti, Ferrari, 52, 1961
Great Britain, 15-Jul-61, von Trips, Ferrari, 75, 1961
Germany, 6-Aug-61, Moss, Lotus Climax, 15, 1961
Italy, 10-Sep-61, Hill, Ferrari, 43, 1961
United States, 8-Oct-61, Ireland, Lotus Climax, 100, 1961
Netherlands, 20-May-62, Hill, BRM, 80, 1962
Monaco, 3-Jun-62, McLaren, Cooper Climax, 100, 1962
Belgium, 17-Jun-62, Clark, Lotus Climax, 32, 1962
France, 8-Jul-62, Gurney, Porsche, 54, 1962
Great Britain, 21-Jul-62, Clark, Lotus Climax, 75, 1962
Germany, 5-Aug-62, Hill, BRM, 15, 1962
Italy, 16-Sep-62, Hill, BRM, 86, 1962
United States, 7-Oct-62, Clark, Lotus Climax, 100, 1962
South Africa, 29-Dec-62, Hill, BRM, 82, 1962
Monaco, 26-May-63, Hill, BRM, 100, 1963
Belgium, 9-Jun-63, Clark, Lotus Climax, 32, 1963
Netherlands, 23-Jun-63, Clark, Lotus Climax, 80, 1963
France, 30-Jun-63, Clark, Lotus Climax, 53, 1963
Great Britain, 20-Jul-63, Clark, Lotus Climax, 82, 1963
Germany, 4-Aug-63, Surtees, Ferrari, 15, 1963
Italy, 8-Sep-63, Clark, Lotus Climax, 86, 1963
United States, 6-Oct-63, Hill, BRM, 110, 1963
Mexico, 27-Oct-63, Clark, Lotus Climax, 65, 1963
South Africa, 28-Dec-63, Clark, Lotus Climax, 85, 1963
Monaco, 10-May-64, Hill, BRM, 100, 1964
Netherlands, 24-May-64, Clark, Lotus Climax, 80, 1964
Belgium, 14-Jun-64, Clark, Lotus Climax, 32, 1964
France, 28-Jun-64, Gurney, Brabham Climax, 57, 1964
Great Britain, 11-Jul-64, Clark, Lotus Climax, 80, 1964
Germany, 2-Aug-64, Surtees, Ferrari, 15, 1964
Austria, 23-Aug-64, Bandini, Ferrari, 105, 1964
Italy, 6-Sep-64, Surtees, Ferrari, 78, 1964
United States, 4-Oct-64, Hill, BRM, 110, 1964
Mexico, 25-Oct-64, Gurney, Brabham Climax, 65, 1964
South Africa, 1-Jan-65, Clark, Lotus Climax, 85, 1965
Monaco, 30-May-65, Hill, BRM, 100, 1965
Belgium, 13-Jun-65, Clark, Lotus Climax, 32, 1965
France, 27-Jun-65, Clark, Lotus Climax, 40, 1965
Great Britain, 10-Jul-65, Clark, Lotus Climax, 80, 1965
Netherlands, 18-Jul-65, Clark, Lotus Climax, 80, 1965
Germany, 1-Aug-65, Clark, Lotus Climax, 15, 1965
Italy, 12-Sep-65, Stewart, BRM, 76, 1965
United States, 3-Oct-65, Hill, BRM, 110, 1965
Mexico, 24-Oct-65, Ginther, Honda, 65, 1965
Monaco, 22-May-66, Stewart, BRM, 100, 1966
Belgium, 12-Jun-66, Surtees, Ferrari, 28, 1966
France, 3-Jul-66, Brabham, Brabham Repco, 48, 1966
Great Britain, 16-Jul-66, Brabham, Brabham Repco, 80, 1966
Netherlands, 24-Jul-66, Brabham, Brabham Repco, 90, 1966
Germany, 7-Aug-66, Brabham, Brabham Repco, 15, 1966
Italy, 4-Sep-66, Scarfiotti, Ferrari, 68, 1966
United States, 2-Oct-66, Clark, Lotus BRM, 108, 1966
Mexico, 23-Oct-66, Surtees, Cooper Maserati, 65, 1966
South Africa, 2-Jan-67, Rodriguez, Cooper Maserati, 80, 1967
Monaco, 7-May-67, Hulme, Brabham Repco, 100, 1967
Netherlands, 4-Jun-67, Clark, Lotus Ford, 90, 1967
Belgium, 18-Jun-67, Gurney, Eagle Weslake, 28, 1967
France, 2-Jul-67, Brabham, Brabham Repco, 80, 1967
Great Britain, 15-Jul-67, Clark, Lotus Ford, 80, 1967
Germany, 6-Aug-67, Hulme, Brabham Repco, 15, 1967
Canada, 27-Aug-67, Brabham, Brabham Repco, 90, 1967
Italy, 10-Sep-67, Surtees, Honda, 68, 1967
United States, 1-Oct-67, Clark, Lotus Ford, 108, 1967
Mexico, 22-Oct-67, Clark, Lotus Ford, 65, 1967
South Africa, 1-Jan-68, Clark, Lotus Ford, 80, 1968
Spain, 12-May-68, Hill, Lotus Ford, 90, 1968
Monaco, 26-May-68, Hill, Lotus Ford, 80, 1968
Belgium, 9-Jun-68, McLaren, McLaren Ford, 28, 1968
Netherlands, 23-Jun-68, Stewart, Matra Ford, 90, 1968
France, 7-Jul-68, Ickx, Ferrari, 60, 1968
Great Britain, 20-Jul-68, Siffert, Lotus Ford, 80, 1968
Germany, 4-Aug-68, Stewart, Matra Ford, 14, 1968
Italy, 8-Sep-68, Hulme, McLaren Ford, 68, 1968
Canada, 22-Sep-68, Hulme, McLaren Ford, 90, 1968
United States, 6-Oct-68, Stewart, Matra Ford, 108, 1968
Mexico, 3-Nov-68, Hill, Lotus Ford, 65, 1968
South Africa, 1-Mar-69, Stewart, Matra Ford, 80, 1969
Spain, 4-May-69, Stewart, Matra Ford, 90, 1969
Monaco, 18-May-69, Hill, Lotus Ford, 80, 1969
Netherlands, 21-Jun-69, Stewart, Matra Ford, 90, 1969
France, 6-Jul-69, Stewart, Matra Ford, 38, 1969
Great Britain, 19-Jul-69, Stewart, Matra Ford, 84, 1969
Germany, 3-Aug-69, Ickx, Brabham Ford, 14, 1969
Italy, 7-Sep-69, Stewart, Matra Ford, 68, 1969
Canada, 20-Sep-69, Ickx, Brabham Ford, 90, 1969
United States, 5-Oct-69, Rindt, Lotus Ford, 108, 1969
Mexico, 19-Oct-69, Hulme, McLaren Ford, 65, 1969
South Africa, 7-Mar-70, Brabham, Brabham Ford, 80, 1970
Spain, 19-Apr-70, Stewart, March Ford, 90, 1970
Monaco, 10-May-70, Rindt, Lotus Ford, 80, 1970
Belgium, 7-Jun-70, Rodriguez, BRM, 28, 1970
Netherlands, 21-Jun-70, Rindt, Lotus Ford, 80, 1970
France, 5-Jul-70, Rindt, Lotus Ford, 38, 1970
Great Britain, 18-Jul-70, Rindt, Lotus Ford, 80, 1970
Germany, 2-Aug-70, Rindt, Lotus Ford, 50, 1970
Austria, 16-Aug-70, Ickx, Ferrari, 60, 1970
Italy, 6-Sep-70, Regazzoni, Ferrari, 68, 1970
Canada, 20-Sep-70, Ickx, Ferrari, 90, 1970
United States, 4-Oct-70, Fittipaldi, Lotus Ford, 108, 1970
Mexico, 25-Oct-70, Ickx, Ferrari, 65, 1970
South Africa, 6-Mar-71, Andretti, Ferrari, 79, 1971
Spain, 18-Apr-71, Stewart, Tyrrell Ford, 75, 1971
Monaco, 23-May-71, Stewart, Tyrrell Ford, 80, 1971
Netherlands, 20-Jun-71, Ickx, Ferrari, 70, 1971
France, 4-Jul-71, Stewart, Tyrrell Ford, 55, 1971
Great Britain, 17-Jul-71, Stewart, Tyrrell Ford, 68, 1971
Germany, 1-Aug-71, Stewart, Tyrrell Ford, 12, 1971
Austria, 15-Aug-71, Siffert, BRM, 54, 1971
Italy, 5-Sep-71, Gethin, BRM, 55, 1971
Canada, 19-Sep-71, Stewart, Tyrrell Ford, 64, 1971
United States, 3-Oct-71, Cevert, Tyrrell Ford, 59, 1971
Argentina, 23-Jan-72, Stewart, Tyrrell Ford, 95, 1972
South Africa, 4-Mar-72, Hulme, McLaren Ford, 79, 1972
Spain, 1-May-72, Fittipaldi, Lotus Ford, 90, 1972
Monaco, 14-May-72, Beltoise, BRM, 80, 1972
Belgium, 4-Jun-72, Fittipaldi, Lotus Ford, 85, 1972
France, 2-Jul-72, Stewart, Tyrrell Ford, 38, 1972
Great Britain, 15-Jul-72, Fittipaldi, Lotus Ford, 76, 1972
Germany, 30-Jul-72, Ickx, Ferrari, 14, 1972
Austria, 13-Aug-72, Fittipaldi, Lotus Ford, 54, 1972
Italy, 10-Sep-72, Fittipaldi, Lotus Ford, 55, 1972
Canada, 24-Sep-72, Stewart, Tyrrell Ford, 80, 1972
United States, 8-Oct-72, Stewart, Tyrrell Ford, 59, 1972
Argentina, 28-Jan-73, Fittipaldi, Lotus Ford, 96, 1973
Brazil, 11-Feb-73, Fittipaldi, Lotus Ford, 40, 1973
South Africa, 3-Mar-73, Stewart, Tyrrell Ford, 79, 1973
Spain, 29-Apr-73, Fittipaldi, Lotus Ford, 75, 1973
Belgium, 20-May-73, Stewart, Tyrrell Ford, 70, 1973
Monaco, 3-Jun-73, Stewart, Tyrrell Ford, 78, 1973
Sweden, 17-Jun-73, Hulme, McLaren Ford, 80, 1973
France, 1-Jul-73, Peterson, Lotus Ford, 54, 1973
Great Britain, 14-Jul-73, Revson, McLaren Ford, 67, 1973
Netherlands, 29-Jul-73, Stewart, Tyrrell Ford, 72, 1973
Germany, 5-Aug-73, Stewart, Tyrrell Ford, 14, 1973
Austria, 19-Aug-73, Peterson, Lotus Ford, 54, 1973
Italy, 9-Sep-73, Peterson, Lotus Ford, 55, 1973
Canada, 23-Sep-73, Revson, McLaren Ford, 80, 1973
United States, 7-Oct-73, Peterson, Lotus Ford, 59, 1973
Argentina, 13-Jan-74, Hulme, McLaren Ford, 53, 1974
Brazil, 27-Jan-74, Fittipaldi, McLaren Ford, 32, 1974
South Africa, 30-Mar-74, Reutemann, Brabham Ford, 78, 1974
Spain, 28-Apr-74, Lauda, Ferrari, 84, 1974
Belgium, 12-May-74, Fittipaldi, McLaren Ford, 85, 1974
Monaco, 26-May-74, Peterson, Lotus Ford, 78, 1974
Sweden, 9-Jun-74, Scheckter, Tyrrell Ford, 80, 1974
Netherlands, 23-Jun-74, Lauda, Ferrari, 75, 1974
France, 7-Jul-74, Peterson, Lotus Ford, 80, 1974
Great Britain, 20-Jul-74, Scheckter, Tyrrell Ford, 75, 1974
Germany, 4-Aug-74, Regazzoni, Ferrari, 14, 1974
Austria, 18-Aug-74, Reutemann, Brabham Ford, 54, 1974
Italy, 8-Sep-74, Peterson, Lotus Ford, 52, 1974
Canada, 22-Sep-74, Fittipaldi, McLaren Ford, 80, 1974
United States, 6-Oct-74, Reutemann, Brabham Ford, 59, 1974
Argentina, 12-Jan-75, Fittipaldi, McLaren Ford, 53, 1975
Brazil, 26-Jan-75, Pace, Brabham Ford, 40, 1975
South Africa, 1-Mar-75, Scheckter, Tyrrell Ford, 78, 1975
Spain, 27-Apr-75, Mass, McLaren Ford, 29, 1975
Monaco, 11-May-75, Lauda, Ferrari, 75, 1975
Belgium, 25-May-75, Lauda, Ferrari, 70, 1975
Sweden, 8-Jun-75, Lauda, Ferrari, 80, 1975
Netherlands, 22-Jun-75, Hunt, Hesketh Ford, 75, 1975
France, 6-Jul-75, Lauda, Ferrari, 54, 1975
Great Britain, 19-Jul-75, Fittipaldi, McLaren Ford, 56, 1975
Germany, 3-Aug-75, Reutemann, Brabham Ford, 14, 1975
Austria, 17-Aug-75, Brambilla, March Ford, 29, 1975
Italy, 7-Sep-75, Regazzoni, Ferrari, 52, 1975
United States, 5-Oct-75, Lauda, Ferrari, 59, 1975
Brazil, 25-Jan-76, Lauda, Ferrari, 40, 1976
South Africa, 6-Mar-76, Lauda, Ferrari, 78, 1976
USA West, 28-Mar-76, Regazzoni, Ferrari, 80, 1976
Spain, 2-May-76, Hunt, McLaren Ford, 75, 1976
Belgium, 16-May-76, Lauda, Ferrari, 70, 1976
Monaco, 30-May-76, Lauda, Ferrari, 78, 1976
Sweden, 13-Jun-76, Scheckter, Tyrrell Ford, 72, 1976
France, 4-Jul-76, Hunt, McLaren Ford, 54, 1976
Great Britain, 18-Jul-76, Lauda, Ferrari, 76, 1976
Germany, 1-Aug-76, Hunt, McLaren Ford, 14, 1976
Austria, 15-Aug-76, Watson, Penske Ford, 54, 1976
Netherlands, 29-Aug-76, Hunt, McLaren Ford, 75, 1976
Italy, 12-Sep-76, Peterson, March Ford, 52, 1976
Canada, 3-Oct-76, Hunt, McLaren Ford, 80, 1976
USA East, 10-Oct-76, Hunt, McLaren Ford, 59, 1976
Japan, 24-Oct-76, Andretti, Lotus Ford, 73, 1976
Argentina, 9-Jan-77, Scheckter, Wolf Ford, 53, 1977
Brazil, 23-Jan-77, Reutemann, Ferrari, 40, 1977
South Africa, 5-Mar-77, Lauda, Ferrari, 78, 1977
USA West, 3-Apr-77, Andretti, Lotus Ford, 80, 1977
Spain, 8-May-77, Andretti, Lotus Ford, 75, 1977
Monaco, 22-May-77, Scheckter, Wolf Ford, 76, 1977
Belgium, 5-Jun-77, Nilsson, Lotus Ford, 70, 1977
Sweden, 19-Jun-77, Laffite, Ligier Matra, 72, 1977
France, 3-Jul-77, Andretti, Lotus Ford, 80, 1977
Great Britain, 16-Jul-77, Hunt, McLaren Ford, 68, 1977
Germany, 31-Jul-77, Lauda, Ferrari, 47, 1977
Austria, 14-Aug-77, Jones, Shadow Ford, 54, 1977
Netherlands, 28-Aug-77, Lauda, Ferrari, 75, 1977
Italy, 11-Sep-77, Andretti, Lotus Ford, 52, 1977
USA East, 2-Oct-77, Hunt, McLaren Ford, 59, 1977
Canada, 9-Oct-77, Scheckter, Wolf Ford, 80, 1977
Japan, 23-Oct-77, Hunt, McLaren Ford, 73, 1977
Argentina, 15-Jan-78, Andretti, Lotus Ford, 52, 1978
Brazil, 29-Jan-78, Reutemann, Ferrari, 63, 1978
South Africa, 4-Mar-78, Peterson, Lotus Ford, 78, 1978
USA West, 2-Apr-78, Reutemann, Ferrari, 80, 1978
Monaco, 7-May-78, Depailler, Tyrrell Ford, 75, 1978
Belgium, 21-May-78, Andretti, Lotus Ford, 70, 1978
Spain, 4-Jun-78, Andretti, Lotus Ford, 75, 1978
Sweden, 17-Jun-78, Lauda, Brabham Alfa Romeo, 70, 1978
France, 2-Jul-78, Andretti, Lotus Ford, 54, 1978
Great Britain, 16-Jul-78, Reutemann, Ferrari, 76, 1978
Germany, 30-Jul-78, Andretti, Lotus Ford, 45, 1978
Austria, 13-Aug-78, Peterson, Lotus Ford, 54, 1978
Netherlands, 27-Aug-78, Andretti, Lotus Ford, 75, 1978
Italy, 10-Sep-78, Lauda, Brabham Alfa Romeo, 40, 1978
USA East, 1-Oct-78, Reutemann, Ferrari, 59, 1978
Canada, 8-Oct-78, Villeneuve, Ferrari, 70, 1978
Argentina, 21-Jan-79, Laffite, Ligier Ford, 53, 1979
Brazil, 4-Feb-79, Laffite, Ligier Ford, 40, 1979
South Africa, 3-Mar-79, Villeneuve, Ferrari, 78, 1979
USA West, 8-Apr-79, Villeneuve, Ferrari, 80, 1979
Spain, 29-Apr-79, Depailler, Ligier Ford, 75, 1979
Belgium, 13-May-79, Scheckter, Ferrari, 70, 1979
Monaco, 27-May-79, Scheckter, Ferrari, 76, 1979
France, 1-Jul-79, Jabouille, Renault, 80, 1979
Great Britain, 14-Jul-79, Regazzoni, Williams Ford, 68, 1979
Germany, 29-Jul-79, Jones, Williams Ford, 45, 1979
Austria, 12-Aug-79, Jones, Williams Ford, 54, 1979
Netherlands, 26-Aug-79, Jones, Williams Ford, 75, 1979
Italy, 9-Sep-79, Scheckter, Ferrari, 50, 1979
Canada, 30-Sep-79, Jones, Williams Ford, 72, 1979
USA East, 7-Oct-79, Villeneuve, Ferrari, 59, 1979
Argentina, 13-Jan-80, Jones, Williams Ford, 53, 1980
Brazil, 27-Jan-80, Arnoux, Renault, 40, 1980
South Africa, 1-Mar-80, Arnoux, Renault, 78, 1980
USA West, 30-Mar-80, Piquet, Brabham Ford, 80, 1980
Belgium, 4-May-80, Pironi, Ligier Ford, 72, 1980
Monaco, 18-May-80, Reutemann, Williams Ford, 76, 1980
France, 29-Jun-80, Jones, Williams Ford, 54, 1980
Great Britain, 13-Jul-80, Jones, Williams Ford, 76, 1980
Germany, 10-Aug-80, Laffite, Ligier Ford, 45, 1980
Austria, 17-Aug-80, Jabouille, Renault, 54, 1980
Netherlands, 31-Aug-80, Piquet, Brabham Ford, 72, 1980
Italy, 14-Sep-80, Piquet, Brabham Ford, 60, 1980
Canada, 28-Sep-80, Jones, Williams Ford, 70, 1980
USA East, 5-Oct-80, Jones, Williams Ford, 59, 1980
USA West, 15-Mar-81, Jones, Williams Ford, 80, 1981
Brazil, 29-Mar-81, Reutemann, Williams Ford, 62, 1981
Argentina, 12-Apr-81, Piquet, Brabham Ford, 53, 1981
San Marino, 3-May-81, Piquet, Brabham Ford, 60, 1981
Belgium, 17-May-81, Reutemann, Williams Ford, 54, 1981
Monaco, 31-May-81, Villeneuve, Ferrari, 76, 1981
Spain, 21-Jun-81, Villeneuve, Ferrari, 80, 1981
France, 5-Jul-81, Prost, Renault, 80, 1981
Great Britain, 18-Jul-81, Watson, McLaren Ford, 68, 1981
Germany, 2-Aug-81, Piquet, Brabham Ford, 45, 1981
Austria, 16-Aug-81, Laffite, Ligier Matra, 53, 1981
Netherlands, 30-Aug-81, Prost, Renault, 72, 1981
Italy, 13-Sep-81, Prost, Renault, 52, 1981
Canada, 27-Sep-81, Laffite, Ligier Matra, 63, 1981
Las Vegas, 17-Oct-81, Jones, Williams Ford, 75, 1981
South Africa, 23-Jan-82, Prost, Renault, 77, 1982
Brazil, 21-Mar-82, Prost, Renault, 63, 1982
USA West, 4-Apr-82, Lauda, McLaren Ford, 75, 1982
San Marino, 25-Apr-82, Pironi, Ferrari, 60, 1982
Belgium, 9-May-82, Watson, McLaren Ford, 70, 1982
Monaco, 23-May-82, Patrese, Brabham Ford, 76, 1982
Detroit, 6-Jun-82, Watson, McLaren Ford, 62, 1982
Canada, 13-Jun-82, Piquet, Brabham BMW, 70, 1982
Netherlands, 3-Jul-82, Pironi, Ferrari, 72, 1982
Great Britain, 18-Jul-82, Lauda, McLaren Ford, 76, 1982
France, 25-Jul-82, Arnoux, Renault, 54, 1982
Germany, 8-Aug-82, Tambay, Ferrari, 45, 1982
Austria, 15-Aug-82, de Angelis, Lotus Ford, 53, 1982
Switzerland, 29-Aug-82, Rosberg, Williams Ford, 80, 1982
Italy, 12-Sep-82, Arnoux, Renault, 52, 1982
Las Vegas, 25-Sep-82, Alboreto, Tyrrell Ford, 75, 1982
Brazil, 13-Mar-83, Piquet, Brabham BMW, 63, 1983
USA West, 27-Mar-83, Watson, McLaren Ford, 75, 1983
France, 17-Apr-83, Prost, Renault, 54, 1983
San Marino, 1-May-83, Tambay, Ferrari, 60, 1983
Monaco, 15-May-83, Rosberg, Williams Ford, 76, 1983
Belgium, 22-May-83, Prost, Renault, 40, 1983
Detroit, 5-Jun-83, Alboreto, Tyrrell Ford, 60, 1983
Canada, 12-Jun-83, Arnoux, Ferrari, 70, 1983
Great Britain, 16-Jul-83, Prost, Renault, 67, 1983
Germany, 7-Aug-83, Arnoux, Ferrari, 45, 1983
Austria, 14-Aug-83, Prost, Renault, 53, 1983
Netherlands, 28-Aug-83, Arnoux, Ferrari, 72, 1983
Italy, 11-Sep-83, Piquet, Brabham BMW, 52, 1983
Europe, 25-Sep-83, Piquet, Brabham BMW, 76, 1983
South Africa, 15-Oct-83, Patrese, Brabham BMW, 77, 1983
Brazil, 25-Mar-84, Prost, McLaren TAG, 61, 1984
South Africa, 7-Apr-84, Lauda, McLaren TAG, 75, 1984
Belgium, 29-Apr-84, Alboreto, Ferrari, 70, 1984
San Marino, 6-May-84, Prost, McLaren TAG, 60, 1984
France, 20-May-84, Lauda, McLaren TAG, 79, 1984
Monaco, 3-Jun-84, Prost, McLaren TAG, 31, 1984
Canada, 17-Jun-84, Piquet, Brabham BMW, 70, 1984
Detroit, 24-Jun-84, Piquet, Brabham BMW, 63, 1984
Dallas, 8-Jul-84, Rosberg, Williams Honda, 67, 1984
Great Britain, 22-Jul-84, Lauda, McLaren TAG, 71, 1984
Germany, 5-Aug-84, Prost, McLaren TAG, 44, 1984
Austria, 19-Aug-84, Lauda, McLaren TAG, 51, 1984
Netherlands, 26-Aug-84, Prost, McLaren TAG, 71, 1984
Italy, 9-Sep-84, Lauda, McLaren TAG, 51, 1984
Europe, 7-Oct-84, Prost, McLaren TAG, 67, 1984
Portugal, 21-Oct-84, Prost, McLaren TAG, 70, 1984
Brazil, 7-Apr-85, Prost, McLaren TAG, 61, 1985
Portugal, 21-Apr-85, Senna, Lotus Renault, 67, 1985
San Marino, 5-May-85, de Angelis, Lotus Renault, 60, 1985
Monaco, 19-May-85, Prost, McLaren TAG, 78, 1985
Canada, 16-Jun-85, Alboreto, Ferrari, 70, 1985
Detroit, 23-Jun-85, Rosberg, Williams Honda, 63, 1985
France, 7-Jul-85, Piquet, Brabham BMW, 53, 1985
Great Britain, 21-Jul-85, Prost, McLaren TAG, 65, 1985
Germany, 4-Aug-85, Alboreto, Ferrari, 67, 1985
Austria, 18-Aug-85, Prost, McLaren TAG, 52, 1985
Netherlands, 25-Aug-85, Lauda, McLaren TAG, 70, 1985
Italy, 8-Sep-85, Prost, McLaren TAG, 51, 1985
Belgium, 15-Sep-85, Senna, Lotus Renault, 43, 1985
Europe, 6-Oct-85, Mansell, Williams Honda, 75, 1985
South Africa, 19-Oct-85, Mansell, Williams Honda, 75, 1985
Australia, 3-Nov-85, Rosberg, Williams Honda, 82, 1985
Brazil, 23-Mar-86, Piquet, Williams Honda, 61, 1986
Spain, 13-Apr-86, Senna, Lotus Renault, 72, 1986
San Marino, 27-Apr-86, Prost, McLaren TAG, 60, 1986
Monaco, 11-May-86, Prost, McLaren TAG, 78, 1986
Belgium, 25-May-86, Mansell, Williams Honda, 43, 1986
Canada, 15-Jun-86, Mansell, Williams Honda, 69, 1986
Detroit, 22-Jun-86, Senna, Lotus Renault, 63, 1986
France, 6-Jul-86, Mansell, Williams Honda, 80, 1986
Great Britain, 13-Jul-86, Mansell, Williams Honda, 75, 1986
Germany, 27-Jul-86, Piquet, Williams Honda, 44, 1986
Hungary, 10-Aug-86, Piquet, Williams Honda, 76, 1986
Austria, 17-Aug-86, Prost, McLaren TAG, 52, 1986
Italy, 7-Sep-86, Piquet, Williams Honda, 51, 1986
Portugal, 21-Sep-86, Mansell, Williams Honda, 70, 1986
Mexico, 12-Oct-86, Berger, Benetton BMW, 68, 1986
Australia, 26-Oct-86, Prost, McLaren TAG, 82, 1986
Brazil, 12-Apr-87, Prost, McLaren TAG, 61, 1987
San Marino, 3-May-87, Mansell, Williams Honda, 59, 1987
Belgium, 17-May-87, Prost, McLaren TAG, 43, 1987
Monaco, 31-May-87, Senna, Lotus Honda, 78, 1987
Detroit, 21-Jun-87, Senna, Lotus Honda, 63, 1987
France, 5-Jul-87, Mansell, Williams Honda, 80, 1987
Great Britain, 12-Jul-87, Mansell, Williams Honda, 65, 1987
Germany, 26-Jul-87, Piquet, Williams Honda, 44, 1987
Hungary, 9-Aug-87, Piquet, Williams Honda, 76, 1987
Austria, 16-Aug-87, Mansell, Williams Honda, 52, 1987
Italy, 6-Sep-87, Piquet, Williams Honda, 50, 1987
Portugal, 20-Sep-87, Prost, McLaren TAG, 70, 1987
Spain, 27-Sep-87, Mansell, Williams Honda, 72, 1987
Mexico, 18-Oct-87, Mansell, Williams Honda, 63, 1987
Japan, 1-Nov-87, Berger, Ferrari, 51, 1987
Australia, 15-Nov-87, Berger, Ferrari, 82, 1987
Brazil, 3-Apr-88, Prost, McLaren Honda, 60, 1988
San Marino, 1-May-88, Senna, McLaren Honda, 60, 1988
Monaco, 15-May-88, Prost, McLaren Honda, 78, 1988
Mexico, 29-May-88, Prost, McLaren Honda, 67, 1988
Canada, 12-Jun-88, Senna, McLaren Honda, 69, 1988
Detroit, 19-Jun-88, Senna, McLaren Honda, 63, 1988
France, 3-Jul-88, Prost, McLaren Honda, 80, 1988
Great Britain, 10-Jul-88, Senna, McLaren Honda, 65, 1988
Germany, 24-Jul-88, Senna, McLaren Honda, 44, 1988
Hungary, 7-Aug-88, Senna, McLaren Honda, 76, 1988
Belgium, 28-Aug-88, Senna, McLaren Honda, 43, 1988
Italy, 11-Sep-88, Berger, Ferrari, 51, 1988
Portugal, 25-Sep-88, Prost, McLaren Honda, 70, 1988
Spain, 2-Oct-88, Prost, McLaren Honda, 72, 1988
Japan, 30-Oct-88, Senna, McLaren Honda, 51, 1988
Australia, 13-Nov-88, Prost, McLaren Honda, 82, 1988
Brazil, 26-Mar-89, Mansell, Ferrari, 61, 1989
San Marino, 23-Apr-89, Senna, McLaren Honda, 58, 1989
Monaco, 7-May-89, Senna, McLaren Honda, 77, 1989
Mexico, 28-May-89, Senna, McLaren Honda, 69, 1989
United States, 4-Jun-89, Prost, McLaren Honda, 75, 1989
Canada, 18-Jun-89, Boutsen, Williams Renault, 69, 1989
France, 9-Jul-89, Prost, McLaren Honda, 80, 1989
Great Britain, 16-Jul-89, Prost, McLaren Honda, 64, 1989
Germany, 30-Jul-89, Senna, McLaren Honda, 45, 1989
Hungary, 13-Aug-89, Mansell, Ferrari, 77, 1989
Belgium, 27-Aug-89, Senna, McLaren Honda, 44, 1989
Italy, 10-Sep-89, Prost, McLaren Honda, 53, 1989
Portugal, 24-Sep-89, Berger, Ferrari, 71, 1989
Spain, 1-Oct-89, Senna, McLaren Honda, 72, 1989
Japan, 22-Oct-89, Nannini, Benetton Ford, 53, 1989
Australia, 5-Nov-89, Boutsen, Williams Renault, 70, 1989
United States, 11-Mar-90, Senna, McLaren Honda, 72, 1990
Brazil, 25-Mar-90, Prost, Ferrari, 71, 1990
San Marino, 13-May-90, Patrese, Williams Renault, 61, 1990
Monaco, 27-May-90, Senna, McLaren Honda, 78, 1990
Canada, 10-Jun-90, Senna, McLaren Honda, 70, 1990
Mexico, 24-Jun-90, Prost, Ferrari, 69, 1990
France, 8-Jul-90, Prost, Ferrari, 80, 1990
Great Britain, 15-Jul-90, Prost, Ferrari, 64, 1990
Germany, 29-Jul-90, Senna, McLaren Honda, 45, 1990
Hungary, 12-Aug-90, Boutsen, Williams Renault, 77, 1990
Belgium, 26-Aug-90, Senna, McLaren Honda, 44, 1990
Italy, 9-Sep-90, Senna, McLaren Honda, 53, 1990
Portugal, 23-Sep-90, Mansell, Ferrari, 61, 1990
Spain, 30-Sep-90, Prost, Ferrari, 73, 1990
Japan, 21-Oct-90, Piquet, Benetton Ford, 53, 1990
Australia, 4-Nov-90, Piquet, Benetton Ford, 81, 1990
United States, 10-Mar-91, Senna, McLaren Honda, 81, 1991
Brazil, 24-Mar-91, Senna, McLaren Honda, 71, 1991
San Marino, 28-Apr-91, Senna, McLaren Honda, 61, 1991
Monaco, 12-May-91, Senna, McLaren Honda, 78, 1991
Canada, 2-Jun-91, Piquet, Benetton Ford, 69, 1991
Mexico, 16-Jun-91, Patrese, Williams Renault, 67, 1991
France, 7-Jul-91, Mansell, Williams Renault, 72, 1991
Great Britain, 14-Jul-91, Mansell, Williams Renault, 59, 1991
Germany, 28-Jul-91, Mansell, Williams Renault, 45, 1991
Hungary, 11-Aug-91, Senna, McLaren Honda, 77, 1991
Belgium, 25-Aug-91, Senna, McLaren Honda, 44, 1991
Italy, 8-Sep-91, Mansell, Williams Renault, 53, 1991
Portugal, 22-Sep-91, Patrese, Williams Renault, 71, 1991
Spain, 29-Sep-91, Mansell, Williams Renault, 65, 1991
Japan, 20-Oct-91, Berger, McLaren Honda, 53, 1991
Australia, 3-Nov-91, Senna, McLaren Honda, 14, 1991
South Africa, 1-Mar-92, Mansell, Williams Renault, 72, 1992
Mexico, 22-Mar-92, Mansell, Williams Renault, 69, 1992
Brazil, 5-Apr-92, Mansell, Williams Renault, 71, 1992
Spain, 3-May-92, Mansell, Williams Renault, 65, 1992
San Marino, 17-May-92, Mansell, Williams Renault, 60, 1992
Monaco, 31-May-92, Senna, McLaren Honda, 78, 1992
Canada, 14-Jun-92, Berger, McLaren Honda, 69, 1992
France, 5-Jul-92, Mansell, Williams Renault, 69, 1992
Great Britain, 12-Jul-92, Mansell, Williams Renault, 59, 1992
Germany, 26-Jul-92, Mansell, Williams Renault, 45, 1992
Hungary, 16-Aug-92, Senna, McLaren Honda, 77, 1992
Belgium, 30-Aug-92, Schumacher, Benetton Ford, 44, 1992
Italy, 13-Sep-92, Senna, McLaren Honda, 53, 1992
Portugal, 27-Sep-92, Mansell, Williams Renault, 71, 1992
Japan, 25-Oct-92, Patrese, Williams Renault, 53, 1992
Australia, 8-Nov-92, Berger, McLaren Honda, 82, 1992
South Africa, 14-Mar-93, Prost, Williams Renault, 72, 1993
Brazil, 28-Mar-93, Senna, McLaren Ford, 71, 1993
Europe, 11-Apr-93, Senna, McLaren Ford, 76, 1993
San Marino, 25-Apr-93, Prost, Williams Renault, 61, 1993
Spain, 9-May-93, Prost, Williams Renault, 65, 1993
Monaco, 23-May-93, Senna, McLaren Ford, 78, 1993
Canada, 13-Jun-93, Prost, Williams Renault, 69, 1993
France, 4-Jul-93, Prost, Williams Renault, 72, 1993
Great Britain, 11-Jul-93, Prost, Williams Renault, 59, 1993
Germany, 25-Jul-93, Prost, Williams Renault, 45, 1993
Hungary, 15-Aug-93, Hill, Williams Renault, 77, 1993
Belgium, 29-Aug-93, Hill, Williams Renault, 44, 1993
Italy, 12-Sep-93, Hill, Williams Renault, 53, 1993
Portugal, 26-Sep-93, Schumacher, Benetton Ford, 71, 1993
Japan, 24-Oct-93, Senna, McLaren Ford, 53, 1993
Australia, 7-Nov-93, Senna, McLaren Ford, 79, 1993
Brazil, 27-Mar-94, Schumacher, Benetton Ford, 71, 1994
Pacific, 17-Apr-94, Schumacher, Benetton Ford, 83, 1994
San Marino, 1-May-94, Schumacher, Benetton Ford, 58, 1994
Monaco, 15-May-94, Schumacher, Benetton Ford, 78, 1994
Spain, 29-May-94, Hill, Williams Renault, 65, 1994
Canada, 12-Jun-94, Schumacher, Benetton Ford, 69, 1994
France, 3-Jul-94, Schumacher, Benetton Ford, 72, 1994
Great Britain, 10-Jul-94, Hill, Williams Renault, 60, 1994
Germany, 31-Jul-94, Berger, Ferrari, 45, 1994
Hungary, 14-Aug-94, Schumacher, Benetton Ford, 77, 1994
Belgium, 28-Aug-94, Hill, Williams Renault, 44, 1994
Italy, 11-Sep-94, Hill, Williams Renault, 53, 1994
Portugal, 25-Sep-94, Hill, Williams Renault, 71, 1994
Europe, 16-Oct-94, Schumacher, Benetton Ford, 69, 1994
Japan, 6-Nov-94, Hill, Williams Renault, 50, 1994
Australia, 13-Nov-94, Mansell, Williams Renault, 81, 1994
Brazil, 26-Mar-95, Schumacher, Benetton Renault, 71, 1995
Argentina, 9-Apr-95, Hill, Williams Renault, 71, 1995
San Marino, 30-Apr-95, Hill, Williams Renault, 63, 1995
Spain, 14-May-95, Schumacher, Benetton Renault, 65, 1995
Monaco, 28-May-95, Schumacher, Benetton Renault, 78, 1995
Canada, 11-Jun-95, Alesi, Ferrari, 69, 1995
France, 2-Jul-95, Schumacher, Benetton Renault, 72, 1995
Great Britain, 16-Jul-95, Herbert, Benetton Renault, 61, 1995
Germany, 30-Jul-95, Schumacher, Benetton Renault, 45, 1995
Hungary, 13-Aug-95, Hill, Williams Renault, 77, 1995
Belgium, 27-Aug-95, Schumacher, Benetton Renault, 44, 1995
Italy, 10-Sep-95, Herbert, Benetton Renault, 53, 1995
Portugal, 24-Sep-95, Coulthard, Williams Renault, 71, 1995
Europe, 1-Oct-95, Schumacher, Benetton Renault, 67, 1995
Pacific, 22-Oct-95, Schumacher, Benetton Renault, 83, 1995
Japan, 29-Oct-95, Schumacher, Benetton Renault, 53, 1995
Australia, 12-Nov-95, Hill, Williams Renault, 81, 1995
Australia, 10-Mar-96, Hill, Williams Renault, 58, 1996
Brazil, 31-Mar-96, Hill, Williams Renault, 71, 1996
Argentina, 7-Apr-96, Hill, Williams Renault, 72, 1996
Europe, 28-Apr-96, Villeneuve, Williams Renault, 67, 1996
San Marino, 5-May-96, Hill, Williams Renault, 63, 1996
Monaco, 19-May-96, Panis, Ligier Mugen Honda, 75, 1996
Spain, 2-Jun-96, Schumacher, Ferrari, 65, 1996
Canada, 16-Jun-96, Hill, Williams Renault, 69, 1996
France, 30-Jun-96, Hill, Williams Renault, 72, 1996
Great Britain, 14-Jul-96, Villeneuve, Williams Renault, 61, 1996
Germany, 28-Jul-96, Hill, Williams Renault, 45, 1996
Hungary, 11-Aug-96, Villeneuve, Williams Renault, 77, 1996
Belgium, 25-Aug-96, Schumacher, Ferrari, 44, 1996
Italy, 8-Sep-96, Schumacher, Ferrari, 53, 1996
Portugal, 22-Sep-96, Villeneuve, Williams Renault, 70, 1996
Japan, 13-Oct-96, Hill, Williams Renault, 52, 1996
Australia, 9-Mar-97, Coulthard, McLaren Mercedes, 58, 1997
Brazil, 30-Mar-97, Villeneuve, Williams Renault, 72, 1997
Argentina, 13-Apr-97, Villeneuve, Williams Renault, 72, 1997
San Marino, 27-Apr-97, Frentzen, Williams Renault, 62, 1997
Monaco, 11-May-97, Schumacher, Ferrari, 62, 1997
Spain, 25-May-97, Villeneuve, Williams Renault, 64, 1997
Canada, 15-Jun-97, Schumacher, Ferrari, 54, 1997
France, 29-Jun-97, Schumacher, Ferrari, 72, 1997
Great Britain, 13-Jul-97, Villeneuve, Williams Renault, 59, 1997
Germany, 27-Jul-97, Berger, Benetton Renault, 45, 1997
Hungary, 10-Aug-97, Villeneuve, Williams Renault, 77, 1997
Belgium, 24-Aug-97, Schumacher, Ferrari, 44, 1997
Italy, 7-Sep-97, Coulthard, McLaren Mercedes, 53, 1997
Austria, 21-Sep-97, Villeneuve, Williams Renault, 71, 1997
Luxembourg, 28-Sep-97, Villeneuve, Williams Renault, 67, 1997
Japan, 12-Oct-97, Schumacher, Ferrari, 53, 1997
Europe, 26-Oct-97, Hakkinen, McLaren Mercedes, 69, 1997
Australia, 8-Mar-98, Hakkinen, McLaren Mercedes, 58, 1998
Brazil, 29-Mar-98, Hakkinen, McLaren Mercedes, 72, 1998
Argentina, 12-Apr-98, Schumacher, Ferrari, 72, 1998
San Marino, 26-Apr-98, Coulthard, McLaren Mercedes, 62, 1998
Spain, 10-May-98, Hakkinen, McLaren Mercedes, 65, 1998
Monaco, 24-May-98, Hakkinen, McLaren Mercedes, 78, 1998
Canada, 7-Jun-98, Schumacher, Ferrari, 69, 1998
France, 28-Jun-98, Schumacher, Ferrari, 71, 1998
Great Britain, 12-Jul-98, Schumacher, Ferrari, 60, 1998
Austria, 26-Jul-98, Hakkinen, McLaren Mercedes, 71, 1998
Germany, 2-Aug-98, Hakkinen, McLaren Mercedes, 45, 1998
Hungary, 16-Aug-98, Schumacher, Ferrari, 77, 1998
Belgium, 30-Aug-98, Hill, Jordan Mugen Honda, 44, 1998
Italy, 13-Sep-98, Schumacher, Ferrari, 53, 1998
Luxembourg, 27-Sep-98, Hakkinen, McLaren Mercedes, 67, 1998
Japan, 1-Nov-98, Hakkinen, McLaren Mercedes, 51, 1998
Australia, 7-Mar-99, Irvine, Ferrari, 57, 1999
Brazil, 11-Apr-99, Hakkinen, McLaren Mercedes, 72, 1999
San Marino, 2-May-99, Schumacher, Ferrari, 62, 1999
Monaco, 16-May-99, Schumacher, Ferrari, 78, 1999
Spain, 30-May-99, Hakkinen, McLaren Mercedes, 65, 1999
Canada, 13-Jun-99, Hakkinen, McLaren Mercedes, 69, 1999
France, 27-Jun-99, Frentzen, Jordan Mugen Honda, 72, 1999
Great Britain, 11-Jul-99, Coulthard, McLaren Mercedes, 60, 1999
Austria, 25-Jul-99, Irvine, Ferrari, 71, 1999
Germany, 1-Aug-99, Irvine, Ferrari, 45, 1999
Hungary, 15-Aug-99, Hakkinen, McLaren Mercedes, 77, 1999
Belgium, 29-Aug-99, Coulthard, McLaren Mercedes, 44, 1999
Italy, 12-Sep-99, Frentzen, Jordan Mugen Honda, 53, 1999
Europe, 26-Sep-99, Herbert, Stewart Ford, 66, 1999
Malaysia, 17-Oct-99, Irvine, Ferrari, 56, 1999
Japan, 31-Oct-99, Hakkinen, McLaren Mercedes, 53, 1999
Australia, 12-Mar-00, Schumacher, Ferrari, 58, 2000
Brazil, 26-Mar-00, Schumacher, Ferrari, 71, 2000
San Marino, 9-Apr-00, Schumacher, Ferrari, 62, 2000
Great Britain, 23-Apr-00, Coulthard, McLaren Mercedes, 60, 2000
Spain, 7-May-00, Hakkinen, McLaren Mercedes, 65, 2000
Europe, 21-May-00, Schumacher, Ferrari, 67, 2000
Monaco, 4-Jun-00, Coulthard, McLaren Mercedes, 78, 2000
Canada, 18-Jun-00, Schumacher, Ferrari, 69, 2000
France, 2-Jul-00, Coulthard, McLaren Mercedes, 72, 2000
Austria, 16-Jul-00, Hakkinen, McLaren Mercedes, 71, 2000
Germany, 30-Jul-00, Barrichello, Ferrari, 45, 2000
Hungary, 13-Aug-00, Hakkinen, McLaren Mercedes, 77, 2000
Belgium, 27-Aug-00, Hakkinen, McLaren Mercedes, 44, 2000
Italy, 10-Sep-00, Schumacher, Ferrari, 53, 2000
United States, 24-Sep-00, Schumacher, Ferrari, 73, 2000
Japan, 8-Oct-00, Schumacher, Ferrari, 53, 2000
Malaysia, 22-Oct-00, Schumacher, Ferrari, 56, 2000
Australia, 4-Mar-01, Schumacher, Ferrari, 58, 2001
Malaysia, 18-Mar-01, Schumacher, Ferrari, 55, 2001
Brazil, 1-Apr-01, Coulthard, McLaren Mercedes, 71, 2001
San Marino, 15-Apr-01, Schumacher, Williams BMW, 62, 2001
Spain, 29-Apr-01, Schumacher, Ferrari, 65, 2001
Austria, 13-May-01, Coulthard, McLaren Mercedes, 71, 2001
Monaco, 27-May-01, Schumacher, Ferrari, 78, 2001
Canada, 10-Jun-01, Schumacher, Williams BMW, 69, 2001
Europe, 24-Jun-01, Schumacher, Ferrari, 67, 2001
France, 1-Jul-01, Schumacher, Ferrari, 72, 2001
Great Britain, 15-Jul-01, Hakkinen, McLaren Mercedes, 60, 2001
Germany, 29-Jul-01, Schumacher, Williams BMW, 45, 2001
Hungary, 19-Aug-01, Schumacher, Ferrari, 77, 2001
Belgium, 2-Sep-01, Schumacher, Ferrari, 36, 2001
Italy, 16-Sep-01, Montoya, Williams BMW, 53, 2001
United States, 30-Sep-01, Hakkinen, McLaren Mercedes, 73, 2001
Japan, 14-Oct-01, Schumacher, Ferrari, 53, 2001
Australia, 3-Mar-02, Schumacher, Ferrari, 58, 2002
Malaysia, 17-Mar-02, Schumacher, Williams BMW, 56, 2002
Brazil, 31-Mar-02, Schumacher, Ferrari, 71, 2002
San Marino, 14-Apr-02, Schumacher, Ferrari, 62, 2002
Spain, 28-Apr-02, Schumacher, Ferrari, 65, 2002
Austria, 12-May-02, Schumacher, Ferrari, 71, 2002
Monaco, 26-May-02, Coulthard, McLaren Mercedes, 78, 2002
Canada, 9-Jun-02, Schumacher, Ferrari, 70, 2002
Europe, 23-Jun-02, Barrichello, Ferrari, 60, 2002
Great Britain, 7-Jul-02, Schumacher, Ferrari, 60, 2002
France, 21-Jul-02, Schumacher, Ferrari, 72, 2002
Germany, 28-Jul-02, Schumacher, Ferrari, 67, 2002
Hungary, 18-Aug-02, Barrichello, Ferrari, 77, 2002
Belgium, 1-Sep-02, Schumacher, Ferrari, 44, 2002
Italy, 15-Sep-02, Barrichello, Ferrari, 53, 2002
United States, 29-Sep-02, Barrichello, Ferrari, 73, 2002
Japan, 13-Oct-02, Schumacher, Ferrari, 53, 2002
Australia, 9-Mar-03, Coulthard, McLaren Mercedes, 58, 2003
Malaysia, 23-Mar-03, R�ikk�nen, McLaren Mercedes, 56, 2003
Brazil, 6-Apr-03, Fisichella, Jordan Ford, 54, 2003
San Marino, 20-Apr-03, Schumacher, Ferrari, 62, 2003
Spain, 4-May-03, Schumacher, Ferrari, 65, 2003
Austria, 18-May-03, Schumacher, Ferrari, 69, 2003
Monaco, 1-Jun-03, Montoya, Williams BMW, 78, 2003
Canada, 15-Jun-03, Schumacher, Ferrari, 70, 2003
Europe, 29-Jun-03, Schumacher, Williams BMW, 60, 2003
France, 6-Jul-03, Schumacher, Williams BMW, 70, 2003
Great Britain, 20-Jul-03, Barrichello, Ferrari, 60, 2003
Germany, 3-Aug-03, Montoya, Williams BMW, 67, 2003
Hungary, 24-Aug-03, Alonso, Renault, 70, 2003
Italy, 14-Sep-03, Schumacher, Ferrari, 53, 2003
United States, 28-Sep-03, Schumacher, Ferrari, 73, 2003
Japan, 12-Oct-03, Barrichello, Ferrari, 53, 2003
Australia, 7-Mar-04, Schumacher, Ferrari, 58, 2004
Malaysia, 21-Mar-04, Schumacher, Ferrari, 56, 2004
Bahrain, 4-Apr-04, Schumacher, Ferrari, 57, 2004
San Marino, 25-Apr-04, Schumacher, Ferrari, 62, 2004
Spain, 9-May-04, Schumacher, Ferrari, 66, 2004
Monaco, 23-May-04, Trulli, Renault, 77, 2004
Europe, 30-May-04, Schumacher, Ferrari, 60, 2004
Canada, 13-Jun-04, Schumacher, Ferrari, 70, 2004
United States, 20-Jun-04, Schumacher, Ferrari, 73, 2004
France, 4-Jul-04, Schumacher, Ferrari, 70, 2004
Great Britain, 11-Jul-04, Schumacher, Ferrari, 60, 2004
Germany, 25-Jul-04, Schumacher, Ferrari, 66, 2004
Hungary, 15-Aug-04, Schumacher, Ferrari, 70, 2004
Belgium, 29-Aug-04, R�ikk�nen, McLaren Mercedes, 44, 2004
Italy, 12-Sep-04, Barrichello, Ferrari, 53, 2004
China, 26-Sep-04, Barrichello, Ferrari, 56, 2004
Japan, 10-Oct-04, Schumacher, Ferrari, 53, 2004
Brazil, 24-Oct-04, Montoya, Williams BMW, 71, 2004
Australia, 6-Mar-05, Fisichella, Renault, 57, 2005
Malaysia, 20-Mar-05, Alonso, Renault, 56, 2005
Bahrain, 3-Apr-05, Alonso, Renault, 57, 2005
San Marino, 24-Apr-05, Alonso, Renault, 62, 2005
Spain, 8-May-05, R�ikk�nen, McLaren Mercedes, 66, 2005
Monaco, 22-May-05, R�ikk�nen, McLaren Mercedes, 78, 2005
Europe, 29-May-05, Alonso, Renault, 59, 2005
Canada, 12-Jun-05, R�ikk�nen, McLaren Mercedes, 70, 2005
United States, 19-Jun-05, Schumacher, Ferrari, 73, 2005
France, 3-Jul-05, Alonso, Renault, 70, 2005
Great Britain, 10-Jul-05, Montoya, McLaren Mercedes, 60, 2005
Germany, 24-Jul-05, Alonso, Renault, 67, 2005
Hungary, 31-Jul-05, R�ikk�nen, McLaren Mercedes, 70, 2005
Turkey, 21-Aug-05, R�ikk�nen, McLaren Mercedes, 58, 2005
Italy, 4-Sep-05, Montoya, McLaren Mercedes, 53, 2005
Belgium, 11-Sep-05, R�ikk�nen, McLaren Mercedes, 44, 2005
Brazil, 25-Sep-05, Montoya, McLaren Mercedes, 71, 2005
Japan, 9-Oct-05, R�ikk�nen, McLaren Mercedes, 53, 2005
China, 16-Oct-05, Alonso, Renault, 56, 2005
Bahrain, 12-Mar-06, Alonso, Renault, 57, 2006
Malaysia, 19-Mar-06, Fisichella, Renault, 56, 2006
Australia, 2-Apr-06, Alonso, Renault, 57, 2006
San Marino, 23-Apr-06, Schumacher, Ferrari, 62, 2006
Europe, 7-May-06, Schumacher, Ferrari, 60, 2006
Spain, 14-May-06, Alonso, Renault, 66, 2006
Monaco, 28-May-06, Alonso, Renault, 78, 2006
Great Britain, 11-Jun-06, Alonso, Renault, 60, 2006
Canada, 25-Jun-06, Alonso, Renault, 70, 2006
United States, 2-Jul-06, Schumacher, Ferrari, 73, 2006
France, 16-Jul-06, Schumacher, Ferrari, 70, 2006
Germany, 30-Jul-06, Schumacher, Ferrari, 67, 2006
Hungary, 6-Aug-06, Button, Honda, 70, 2006
Turkey, 27-Aug-06, Massa, Ferrari, 58, 2006
Italy, 10-Sep-06, Schumacher, Ferrari, 53, 2006
China, 1-Oct-06, Schumacher, Ferrari, 56, 2006
Japan, 8-Oct-06, Alonso, Renault, 53, 2006
Brazil, 22-Oct-06, Massa, Ferrari, 71, 2006
Australia, 18-Mar-07, R�ikk�nen, Ferrari, 58, 2007
Malaysia, 8-Apr-07, Alonso, McLaren Mercedes, 56, 2007
Bahrain, 15-Apr-07, Massa, Ferrari, 57, 2007
Spain, 13-May-07, Massa, Ferrari, 65, 2007
Monaco, 27-May-07, Alonso, McLaren Mercedes, 78, 2007
Canada, 10-Jun-07, Hamilton, McLaren Mercedes, 70, 2007
United States, 17-Jun-07, Hamilton, McLaren Mercedes, 73, 2007
France, 1-Jul-07, R�ikk�nen, Ferrari, 70, 2007
Great Britain, 8-Jul-07, R�ikk�nen, Ferrari, 59, 2007
Europe, 22-Jul-07, Alonso, McLaren Mercedes, 60, 2007
Hungary, 5-Aug-07, Hamilton, McLaren Mercedes, 70, 2007
Turkey, 26-Aug-07, Massa, Ferrari, 58, 2007
Italy, 9-Sep-07, Alonso, McLaren Mercedes, 53, 2007
Belgium, 16-Sep-07, R�ikk�nen, Ferrari, 44, 2007
Japan, 30-Sep-07, Hamilton, McLaren Mercedes, 67, 2007
China, 7-Oct-07, R�ikk�nen, Ferrari, 56, 2007
Brazil, 21-Oct-07, R�ikk�nen, Ferrari, 71, 2007
Australia, 16-Mar-08, Hamilton, McLaren Mercedes, 58, 2008
Malaysia, 23-Mar-08, R�ikk�nen, Ferrari, 56, 2008
Bahrain, 6-Apr-08, Massa, Ferrari, 57, 2008
Spain, 27-Apr-08, R�ikk�nen, Ferrari, 66, 2008
Turkey, 11-May-08, Massa, Ferrari, 58, 2008
Monaco, 25-May-08, Hamilton, McLaren Mercedes, 76, 2008
Canada, 8-Jun-08, Kubica, Sauber BMW, 70, 2008
France, 22-Jun-08, Massa, Ferrari, 70, 2008
Great Britain, 6-Jul-08, Hamilton, McLaren Mercedes, 60, 2008
Germany, 20-Jul-08, Hamilton, McLaren Mercedes, 67, 2008
Hungary, 3-Aug-08, Kovalainen, McLaren Mercedes, 70, 2008
Europe, 24-Aug-08, Massa, Ferrari, 57, 2008
Belgium, 7-Sep-08, Massa, Ferrari, 44, 2008
Italy, 14-Sep-08, Vettel, STR Ferrari, 53, 2008
Singapore, 28-Sep-08, Alonso, Renault, 61, 2008
Japan, 12-Oct-08, Alonso, Renault, 67, 2008
China, 19-Oct-08, Hamilton, McLaren Mercedes, 56, 2008
Brazil, 2-Nov-08, Massa, Ferrari, 71, 2008
Australia, 29-Mar-09, Button, Brawn Mercedes, 58, 2009
Malaysia, 5-Apr-09, Button, Brawn Mercedes, 31, 2009
China, 19-Apr-09, Vettel, RBR Renault, 56, 2009
Bahrain, 26-Apr-09, Button, Brawn Mercedes, 57, 2009
Spain, 10-May-09, Button, Brawn Mercedes, 66, 2009
Monaco, 24-May-09, Button, Brawn Mercedes, 78, 2009
Turkey, 7-Jun-09, Button, Brawn Mercedes, 58, 2009
Great Britain, 21-Jun-09, Vettel, RBR Renault, 60, 2009
Germany, 12-Jul-09, Webber, RBR Renault, 60, 2009
Hungary, 26-Jul-09, Hamilton, McLaren Mercedes, 70, 2009
Europe, 23-Aug-09, Barrichello, Brawn Mercedes, 57, 2009
Belgium, 30-Aug-09, R�ikk�nen, Ferrari, 44, 2009
Italy, 13-Sep-09, Barrichello, Brawn Mercedes, 53, 2009
Singapore, 27-Sep-09, Hamilton, McLaren Mercedes, 61, 2009
Japan, 4-Oct-09, Vettel, RBR Renault, 53, 2009
Brazil, 18-Oct-09, Webber, RBR Renault, 71, 2009
Abu Dhabi, 1-Nov-09, Vettel, RBR Renault, 55, 2009
Bahrain, 14-Mar-10, Alonso, Ferrari, 49, 2010
Australia, 28-Mar-10, Button, McLaren Mercedes, 58, 2010
Malaysia, 4-Apr-10, Vettel, RBR Renault, 56, 2010
China, 18-Apr-10, Button, McLaren Mercedes, 56, 2010
Spain, 9-May-10, Webber, RBR Renault, 66, 2010
Monaco, 16-May-10, Webber, RBR Renault, 78, 2010
Turkey, 30-May-10, Hamilton, McLaren Mercedes, 58, 2010
Canada, 13-Jun-10, Hamilton, McLaren Mercedes, 70, 2010
Europe, 27-Jun-10, Vettel, RBR Renault, 57, 2010
Great Britain, 11-Jul-10, Webber, RBR Renault, 52, 2010
Germany, 25-Jul-10, Alonso, Ferrari, 67, 2010
Hungary, 1-Aug-10, Webber, RBR Renault, 70, 2010
Belgium, 29-Aug-10, Hamilton, McLaren Mercedes, 44, 2010
Italy, 12-Sep-10, Alonso, Ferrari, 53, 2010
Singapore, 26-Sep-10, Alonso, Ferrari, 61, 2010
Japan, 10-Oct-10, Vettel, RBR Renault, 53, 2010
South Korea, 24-Oct-10, Alonso, Ferrari, 55, 2010
Brazil, 7-Nov-10, Vettel, RBR Renault, 71, 2010
Abu Dhabi, 14-Nov-10, Vettel, RBR Renault, 55, 2010
Australia, 27-Mar-11, Vettel, Red Bull Racing Renault, 58, 2011
Malaysia, 10-Apr-11, Vettel, Red Bull Racing Renault, 56, 2011
China, 17-Apr-11, Hamilton, McLaren Mercedes, 56, 2011
Turkey, 8-May-11, Vettel, Red Bull Racing Renault, 58, 2011
Spain, 22-May-11, Vettel, Red Bull Racing Renault, 66, 2011
Monaco, 29-May-11, Vettel, Red Bull Racing Renault, 78, 2011
Canada, 12-Jun-11, Button, McLaren Mercedes, 70, 2011
Europe, 26-Jun-11, Vettel, Red Bull Racing Renault, 57, 2011
Great Britain, 10-Jul-11, Alonso, Ferrari, 52, 2011
Germany, 24-Jul-11, Hamilton, McLaren Mercedes, 60, 2011
Hungary, 31-Jul-11, Button, McLaren Mercedes, 70, 2011
Belgium, 28-Aug-11, Vettel, Red Bull Racing Renault, 44, 2011
Italy, 11-Sep-11, Vettel, Red Bull Racing Renault, 53, 2011
Singapore, 25-Sep-11, Vettel, Red Bull Racing Renault, 61, 2011
Japan, 9-Oct-11, Button, McLaren Mercedes, 53, 2011
South Korea, 16-Oct-11, Vettel, Red Bull Racing Renault, 55, 2011
India, 30-Oct-11, Vettel, Red Bull Racing Renault, 60, 2011
Abu Dhabi, 13-Nov-11, Hamilton, McLaren Mercedes, 55, 2011
Brazil, 27-Nov-11, Webber, Red Bull Racing Renault, 71, 2011
Australia, 18-Mar-12, Button, McLaren Mercedes, 58, 2012
Malaysia, 25-Mar-12, Alonso, Ferrari, 56, 2012
China, 15-Apr-12, Rosberg, Mercedes, 56, 2012
Bahrain, 22-Apr-12, Vettel, Red Bull Racing Renault, 57, 2012
Spain, 13-May-12, Maldonado, Williams Renault, 66, 2012
Monaco, 27-May-12, Webber, Red Bull Racing Renault, 78, 2012
Canada, 10-Jun-12, Hamilton, McLaren Mercedes, 70, 2012
Europe, 24-Jun-12, Alonso, Ferrari, 57, 2012
Great Britain, 8-Jul-12, Webber, Red Bull Racing Renault, 52, 2012
Germany, 22-Jul-12, Alonso, Ferrari, 67, 2012
Hungary, 29-Jul-12, Hamilton, McLaren Mercedes, 69, 2012
Belgium, 2-Sep-12, Button, McLaren Mercedes, 44, 2012
Italy, 9-Sep-12, Hamilton, McLaren Mercedes, 53, 2012
Singapore, 23-Sep-12, Vettel, Red Bull Racing Renault, 59, 2012
Japan, 7-Oct-12, Vettel, Red Bull Racing Renault, 53, 2012
South Korea, 14-Oct-12, Vettel, Red Bull Racing Renault, 55, 2012
India, 28-Oct-12, Vettel, Red Bull Racing Renault, 60, 2012
Abu Dhabi, 4-Nov-12, R�ikk�nen, Lotus Renault, 55, 2012
United States, 18-Nov-12, Hamilton, McLaren Mercedes, 56, 2012
Brazil, 25-Nov-12, Button, McLaren Mercedes, 71, 2012
Australia, 17-Mar-13, R�ikk�nen, Lotus Renault, 58, 2013
Malaysia, 24-Mar-13, Vettel, Red Bull Racing Renault, 56, 2013
China, 14-Apr-13, Alonso, Ferrari, 56, 2013
Bahrain, 21-Apr-13, Vettel, Red Bull Racing Renault, 57, 2013
Spain, 12-May-13, Alonso, Ferrari, 66, 2013
Monaco, 26-May-13, Rosberg, Mercedes, 78, 2013
Canada, 9-Jun-13, Vettel, Red Bull Racing Renault, 70, 2013
Great Britain, 30-Jun-13, Rosberg, Mercedes, 52, 2013
Germany, 7-Jul-13, Vettel, Red Bull Racing Renault, 60, 2013
Hungary, 28-Jul-13, Hamilton, Mercedes, 70, 2013
Belgium, 25-Aug-13, Vettel, Red Bull Racing Renault, 44, 2013
Italy, 8-Sep-13, Vettel, Red Bull Racing Renault, 53, 2013
Singapore, 22-Sep-13, Vettel, Red Bull Racing Renault, 61, 2013
South Korea, 6-Oct-13, Vettel, Red Bull Racing Renault, 55, 2013
Japan, 13-Oct-13, Vettel, Red Bull Racing Renault, 53, 2013
India, 27-Oct-13, Vettel, Red Bull Racing Renault, 60, 2013
Abu Dhabi, 3-Nov-13, Vettel, Red Bull Racing Renault, 55, 2013
United States, 17-Nov-13, Vettel, Red Bull Racing Renault, 56, 2013
Brazil, 24-Nov-13, Vettel, Red Bull Racing Renault, 71, 2013
Australia, 16-Mar-14, Rosberg, Mercedes, 57, 2014
Malaysia, 30-Mar-14, Hamilton, Mercedes, 56, 2014
Bahrain, 6-Apr-14, Hamilton, Mercedes, 57, 2014
China, 20-Apr-14, Hamilton, Mercedes, 54, 2014
Spain, 11-May-14, Hamilton, Mercedes, 66, 2014
Monaco, 25-May-14, Rosberg, Mercedes, 78, 2014
Canada, 8-Jun-14, Ricciardo, Red Bull Racing Renault, 70, 2014
Austria, 22-Jun-14, Rosberg, Mercedes, 71, 2014
Great Britain, 6-Jul-14, Hamilton, Mercedes, 52, 2014
Germany, 20-Jul-14, Rosberg, Mercedes, 67, 2014
Hungary, 27-Jul-14, Ricciardo, Red Bull Racing Renault, 70, 2014
Belgium, 24-Aug-14, Ricciardo, Red Bull Racing Renault, 44, 2014
Italy, 7-Sep-14, Hamilton, Mercedes, 53, 2014
Singapore, 21-Sep-14, Hamilton, Mercedes, 60, 2014
Japan, 5-Oct-14, Hamilton, Mercedes, 44, 2014
Russia, 21-Oct-14, Hamilton, Mercedes, 53, 2014
United States, 2-Nov-14, Hamilton, Mercedes, 56, 2014
Brazil, 9-Nov-14, Rosberg, Mercedes, 71, 2014
Abu Dhabi, 23-Nov-14, Hamilton, Mercedes, 55, 2014
Australia, 15-Mar-15, Hamilton, Mercedes, 58, 2015
Malaysia, 29-Mar-15, Vettel, Ferrari, 56, 2015
China, 12-Apr-15, Hamilton, Mercedes, 56, 2015
Bahrain, 19-Apr-15, Hamilton, Mercedes, 57, 2015
Spain, 10-May-15, Rosberg, Mercedes, 66, 2015
Monaco, 24-May-15, Rosberg, Mercedes, 78, 2015
Canada, 7-Jun-15, Hamilton, Mercedes, 70, 2015
Austria, 21-Jun-15, Rosberg, Mercedes, 71, 2015
Great Britain, 5-Jul-15, Hamilton, Mercedes, 52, 2015
Hungary, 26-Jul-15, Vettel, Ferrari, 69, 2015
Belgium, 23-Aug-15, Hamilton, Mercedes, 43, 2015
Italy, 6-Sep-15, Hamilton, Mercedes, 53, 2015
Singapore, 20-Sep-15, Vettel, Ferrari, 61, 2015
Japan, 27-Sep-15, Hamilton, Mercedes, 53, 2015
Russia, 11-Oct-15, Hamilton, Mercedes, 53, 2015
United States, 25-Oct-15, Hamilton, Mercedes, 56, 2015
Mexico, 1-Nov-15, Rosberg, Mercedes, 71, 2015
Brazil, 15-Nov-15, Rosberg, Mercedes, 71, 2015
Abu Dhabi, 29-Nov-15, Rosberg, Mercedes, 55, 2015
Australia, 20-Mar-16, Rosberg, Mercedes, 57, 2016
Bahrain, 3-Apr-16, Rosberg, Mercedes, 57, 2016
China, 17-Apr-16, Rosberg, Mercedes, 56, 2016
Russia, 1-May-16, Rosberg, Mercedes, 53, 2016
Spain, 15-May-16, Verstappen, Red Bull Racing TAG Heuer, 66, 2016
Monaco, 29-May-16, Hamilton, Mercedes, 78, 2016
Canada, 12-Jun-16, Hamilton, Mercedes, 70, 2016
Europe, 19-Jun-16, Rosberg, Mercedes, 51, 2016
Austria, 3-Jul-16, Hamilton, Mercedes, 71, 2016
Great Britain, 10-Jul-16, Hamilton, Mercedes, 52, 2016
Hungary, 24-Jul-16, Hamilton, Mercedes, 70, 2016
Germany, 31-Jul-16, Hamilton, Mercedes, 67, 2016
Belgium, 28-Aug-16, Rosberg, Mercedes, 44, 2016
Italy, 4-Sep-16, Rosberg, Mercedes, 53, 2016
Singapore, 18-Sep-16, Rosberg, Mercedes, 61, 2016
Malaysia, 2-Oct-16, Ricciardo, Red Bull Racing TAG Heuer, 56, 2016
Japan, 9-Oct-16, Rosberg, Mercedes, 53, 2016
United States, 23-Oct-16, Hamilton, Mercedes, 56, 2016
Mexico, 30-Oct-16, Hamilton, Mercedes, 71, 2016
Brazil, 13-Nov-16, Hamilton, Mercedes, 71, 2016
Abu Dhabi, 27-Nov-16, Hamilton, Mercedes, 55, 2016
Australia, 26-Mar-17, Vettel, Ferrari, 57, 2017
China, 9-Apr-17, Hamilton, Mercedes, 56, 2017
Bahrain, 16-Apr-17, Vettel, Ferrari, 57, 2017
Russia, 30-Apr-17, Bottas, Mercedes, 52, 2017
Spain, 14-May-17, Hamilton, Mercedes, 66, 2017
Monaco, 28-May-17, Vettel, Ferrari, 78, 2017
Canada, 11-Jun-17, Hamilton, Mercedes, 70, 2017
Azerbaijan, 25-Jun-17, Ricciardo, Red Bull Racing TAG Heuer, 51, 2017
Austria, 9-Jul-17, Bottas, Mercedes, 71, 2017
Great Britain, 16-Jul-17, Hamilton, Mercedes, 51, 2017
Hungary, 30-Jul-17, Vettel, Ferrari, 70, 2017
Belgium, 27-Aug-17, Hamilton, Mercedes, 44, 2017
Italy, 3-Sep-17, Hamilton, Mercedes, 53, 2017
Singapore, 17-Sep-17, Hamilton, Mercedes, 58, 2017
Malaysia, 1-Oct-17, Verstappen, Red Bull Racing TAG Heuer, 56, 2017
Japan, 8-Oct-17, Hamilton, Mercedes, 53, 2017
United States, 22-Oct-17, Hamilton, Mercedes, 56, 2017
Mexico, 29-Oct-17, Verstappen, Red Bull Racing TAG Heuer, 71, 2017
Brazil, 12-Nov-17, Vettel, Ferrari, 71, 2017
Abu Dhabi, 26-Nov-17, Bottas, Mercedes, 55, 2017
Australia, 25-Mar-18, Vettel, Ferrari, 58, 2018
Bahrain, 8-Apr-18, Vettel, Ferrari, 57, 2018
China, 15-Apr-18, Ricciardo, Red Bull Racing TAG Heuer, 56, 2018
Azerbaijan, 29-Apr-18, Hamilton, Mercedes, 51, 2018
Spain, 13-May-18, Hamilton, Mercedes, 66, 2018
Monaco, 27-May-18, Ricciardo, Red Bull Racing TAG Heuer, 78, 2018
Canada, 10-Jun-18, Vettel, Ferrari, 68, 2018
France, 24-Jun-18, Hamilton, Mercedes, 53, 2018
Austria, 1-Jul-18, Verstappen, Red Bull Racing TAG Heuer, 71, 2018
Great Britain, 8-Jul-18, Vettel, Ferrari, 52, 2018
Germany, 22-Jul-18, Hamilton, Mercedes, 67, 2018
Hungary, 29-Jul-18, Hamilton, Mercedes, 70, 2018
Belgium, 26-Aug-18, Vettel, Ferrari, 44, 2018
Italy, 2-Sep-18, Hamilton, Mercedes, 53, 2018
Singapore, 16-Sep-18, Hamilton, Mercedes, 61, 2018
Russia, 30-Sep-18, Hamilton, Mercedes, 53, 2018
Japan, 7-Oct-18, Hamilton, Mercedes, 53, 2018
United States, 21-Oct-18, R�ikk�nen, Ferrari, 56, 2018
Mexico, 28-Oct-18, Verstappen, Red Bull Racing TAG Heuer, 71, 2018
Brazil, 11-Nov-18, Hamilton, Mercedes, 71, 2018
Abu Dhabi, 25-Nov-18, Hamilton, Mercedes, 55, 2018
Australia, 17-Mar-19, Bottas, Mercedes, 58, 2019
Bahrain, 31-Mar-19, Hamilton, Mercedes, 57, 2019
China, 14-Apr-19, Hamilton, Mercedes, 56, 2019
Azerbaijan, 28-Apr-19, Bottas, Mercedes, 51, 2019
Spain, 12-May-19, Hamilton, Mercedes, 66, 2019
Monaco, 26-May-19, Hamilton, Mercedes, 78, 2019
Canada, 9-Jun-19, Hamilton, Mercedes, 70, 2019
France, 23-Jun-19, Hamilton, Mercedes, 53, 2019
Austria, 30-Jun-19, Verstappen, Red Bull Racing Honda, 71, 2019
Great Britain, 14-Jul-19, Hamilton, Mercedes, 52, 2019
Germany, 28-Jul-19, Verstappen, Red Bull Racing Honda, 64, 2019
Hungary, 4-Aug-19, Hamilton, Mercedes, 70, 2019
Belgium, 1-Sep-19, Leclerc, Ferrari, 44, 2019
Italy, 8-Sep-19, Leclerc, Ferrari, 53, 2019
Singapore, 22-Sep-19, Vettel, Ferrari, 61, 2019
Russia, 29-Sep-19, Hamilton, Mercedes, 53, 2019
Japan, 13-Oct-19, Bottas, Mercedes, 52, 2019
Mexico, 27-Oct-19, Hamilton, Mercedes, 71, 2019
United States, 3-Nov-19, Bottas, Mercedes, 56, 2019
Brazil, 17-Nov-19, Verstappen, Red Bull Racing Honda, 71, 2019
Abu Dhabi, 1-Dec-19, Hamilton, Mercedes, 55, 2019
Austria, 5-Jul-20, Bottas, Mercedes, 71, 2020
Styria, 12-Jul-20, Hamilton, Mercedes, 71, 2020
Hungary, 19-Jul-20, Hamilton, Mercedes, 70, 2020
Great Britain, 2-Aug-20, Hamilton, Mercedes, 52, 2020
70th Anniversary, 9-Aug-20, Verstappen, Red Bull Racing Honda, 52, 2020
Spain, 16-Aug-20, Hamilton, Mercedes, 66, 2020
Belgium, 30-Aug-20, Hamilton, Mercedes, 44, 2020
Italy, 6-Sep-20, Gasly, AlphaTauri Honda, 53, 2020
Tuscany, 13-Sep-20, Hamilton, Mercedes, 59, 2020
Russia, 27-Sep-20, Bottas, Mercedes, 53, 2020
Eifel, 11-Oct-20, Hamilton, Mercedes, 60, 2020
Portugal, 25-Oct-20, Hamilton, Mercedes, 66, 2020
Emilia Romagna, 1-Nov-20, Hamilton, Mercedes, 63, 2020
Turkey, 15-Nov-20, Hamilton, Mercedes, 58, 2020
Bahrain, 29-Nov-20, Hamilton, Mercedes, 57, 2020
Sakhir, 6-Dec-20, Perez, Racing Point BWT Mercedes, 87, 2020
Abu Dhabi, 13-Dec-20, Verstappen, Red Bull Racing Honda, 55, 2020
Bahrain, 28-Mar-21, Hamilton, Mercedes, 56, 2021
Emilia Romagna, 18-Apr-21, Verstappen, Red Bull Racing Honda, 63, 2021
Portugal, 2-May-21, Hamilton, Mercedes, 66, 2021
Spain, 9-May-21, Hamilton, Mercedes, 66, 2021
Monaco, 23-May-21, Verstappen, Red Bull Racing Honda, 78, 2021
Azerbaijan, 6-Jun-21, Perez, Red Bull Racing Honda, 51, 2021
France, 20-Jun-21, Verstappen, Red Bull Racing Honda, 53, 2021
Styria, 27-Jun-21, Verstappen, Red Bull Racing Honda, 71, 2021
Austria, 4-Jul-21, Verstappen, Red Bull Racing Honda, 71, 2021
Great Britain, 18-Jul-21, Hamilton, Mercedes, 52, 2021
Hungary, 1-Aug-21, Ocon, Alpine Renault, 70, 2021
Belgium, 29-Aug-21, Verstappen, Red Bull Racing Honda, 1, 2021
Netherlands, 5-Sep-21, Verstappen, Red Bull Racing Honda, 72, 2021
Italy, 12-Sep-21, Ricciardo, McLaren Mercedes, 53, 2021
Russia, 26-Sep-21, Hamilton, Mercedes, 53, 2021
Turkey, 10-Oct-21, Bottas, Mercedes, 58, 2021
United States, 24-Oct-21, Verstappen, Red Bull Racing Honda, 56, 2021
Mexico, 7-Nov-21, Verstappen, Red Bull Racing Honda, 71, 2021
Brazil, 14-Nov-21, Hamilton, Mercedes, 71, 2021
Qatar, 21-Nov-21, Hamilton, Mercedes, 57, 2021
Saudi Arabia, 5-Dec-21, Hamilton, Mercedes, 50, 2021
Abu Dhabi, 12-Dec-21, Verstappen, Red Bull Racing Honda, 58, 2021
