Australia,6-Mar-05,Fisichella,Renault,57,2005
Malaysia,20-Mar-05,Alonso,Renault,56,2005
Bahrain,3-Apr-05,Alonso,Renault,57,2005
San Marino,24-Apr-05,Alonso,Renault,62,2005
Spain,8-May-05,Räikkönen,McLaren Mercedes,66,2005
Monaco,22-May-05,Räikkönen,McLaren Mercedes,78,2005
Europe,29-May-05,Alonso,Renault,59,2005
Canada,12-Jun-05,Räikkönen,McLaren Mercedes,70,2005
United States,19-Jun-05,Schumacher,Ferrari,73,2005
France,3-Jul-05,Alonso,Renault,70,2005
Great Britain,10-Jul-05,Montoya,McLaren Mercedes,60,2005
Germany,24-Jul-05,Alonso,Renault,67,2005
Hungary,31-Jul-05,Räikkönen,McLaren Mercedes,70,2005
Turkey,21-Aug-05,Räikkönen,McLaren Mercedes,58,2005
Italy,4-Sep-05,Montoya,McLaren Mercedes,53,2005
Belgium,11-Sep-05,Räikkönen,McLaren Mercedes,44,2005
Brazil,25-Sep-05,Montoya,McLaren Mercedes,71,2005
Japan,9-Oct-05,Räikkönen,McLaren Mercedes,53,2005
China,16-Oct-05,Alonso,Renault,56,2005
